{"type":"FeatureCollection","features":[{"type":"Feature","properties":{"name":"Thailand","source":"Example/Thailand.shp"},"geometry":{"type":"MultiPolygon","coordinates":[[[[98.31425082869596,7.478502191368258],[98.31935206092692,7.494204709821515],[98.32465090866641,7.4980220136629105],[98.31425082869596,7.478502191368258]]],[[[98.33412136860814,7.520759821879841],[98.32800558285415,7.501999726653515],[98.3246347973356,7.499492401040999],[98.32087977961994,7.50770025097152],[98.33412136860814,7.520759821879841]]],[[[98.37588360736156,7.617696218115564],[98.3670479630656,7.591518308110202],[98.35506582393616,7.590330461906282],[98.35419818151198,7.603389948192603],[98.36854757245169,7.607716045113657],[98.36230106819607,7.614653656283966],[98.3697742054037,7.610061094018078],[98.37588360736156,7.617696218115564]]],[[[98.29805250768838,7.733563060349186],[98.29594525884156,7.738125955118964],[98.29882048375998,7.7378263541741745],[98.29805250768838,7.733563060349186]]],[[[98.36481475225338,7.747462023934583],[98.38586008728974,7.745643236468881],[98.38064294267649,7.738667937343258],[98.37257826238827,7.742968754726055],[98.35818186760687,7.733794539871765],[98.36481475225338,7.747462023934583]]],[[[98.30217102398159,7.7427927582162015],[98.29973155946831,7.749328244842093],[98.302105380732,7.749628478492175],[98.30217102398159,7.7427927582162015]]],[[[98.32818488714571,7.754204813867711],[98.33009958540123,7.759827986489245],[98.33523510471967,7.763403997715701],[98.33428440884147,7.754703706307402],[98.32818488714571,7.754204813867711]]],[[[98.39256173235631,7.756038598638024],[98.38982608557615,7.761696565385415],[98.40075468648453,7.767360042472578],[98.39256173235631,7.756038598638024]]],[[[98.3031325958837,7.766261976725742],[98.29786040096877,7.764468323524709],[98.29847347773995,7.766648051965619],[98.3031325958837,7.766261976725742]]],[[[98.35518079956373,7.786684209960319],[98.38320330778502,7.793766749078978],[98.3895821447469,7.780086884900231],[98.35518079956373,7.786684209960319]]],[[[98.28726095871421,7.819008609320926],[98.28618007734875,7.8208448335302965],[98.28769061555336,7.820623235412416],[98.28726095871421,7.819008609320926]]],[[[98.41500117382726,7.830959778266184],[98.41695053853296,7.824971638433102],[98.40976246904195,7.828809482639403],[98.41500117382726,7.830959778266184]]],[[[98.42485051423365,7.8323189779514815],[98.42203281282595,7.833705893429423],[98.42415035414513,7.836940666888282],[98.42485051423365,7.8323189779514815]]],[[[98.4374352774404,7.943816476615216],[98.4320984230129,7.926370156521629],[98.4149096703139,7.932486086695216],[98.416965333764,7.943288405541783],[98.4374352774404,7.943816476615216]]],[[[98.44301019595065,7.941948034886288],[98.44228416555634,7.943368942796058],[98.44356783395168,7.94407896486555],[98.44301019595065,7.941948034886288]]],[[[98.44483322101868,7.9567821738658395],[98.45377234297254,7.954977360830561],[98.45172615162261,7.950862390080303],[98.44483322101868,7.9567821738658395]]],[[[98.45254094271019,7.963922732253662],[98.45034750432713,7.964423268404829],[98.4530375537379,7.966499431052581],[98.45254094271019,7.963922732253662]]],[[[98.3006563129526,8.198330120816973],[98.29845829237622,8.190896893436303],[98.33702115899251,8.172892834524097],[98.34759933264709,8.143438824618023],[98.3461998791667,8.122220698515369],[98.35398292150188,8.124192432676558],[98.35145366390768,8.112961901979894],[98.37279373991534,8.119120845067103],[98.38586959505673,8.08533682033198],[98.40505977496875,8.079674608640186],[98.41922879998206,8.087134358414067],[98.42504254053598,8.100661656752996],[98.4334841225975,8.098554287684896],[98.44003103933127,8.092875934627353],[98.43590636136342,8.076649876410537],[98.4441447229866,8.070321522819162],[98.43003094721551,8.055859781185545],[98.43256002091375,8.039867216425742],[98.42073789810058,8.046082576459087],[98.41053676754606,8.030428087807199],[98.41057721523912,8.00232738957598],[98.42625644713762,7.987396811313134],[98.40994737070181,7.991238438142254],[98.39282465320535,7.978462784731792],[98.3982080508857,7.967911920533073],[98.39313185040254,7.955835678250816],[98.4227292645668,7.897255200568774],[98.44204482579252,7.914459140648672],[98.43816965493458,7.894770682864339],[98.44537582145738,7.883285992678641],[98.4297677361439,7.874352737292009],[98.43847743272417,7.865681917224764],[98.42554260621696,7.875026639846858],[98.4166701455533,7.869328145656443],[98.40935231749232,7.8777898337418675],[98.39711340772652,7.871483326715666],[98.40218960950793,7.862810759832768],[98.39147250435416,7.851775690279539],[98.39699220470672,7.838611484454699],[98.41056774651402,7.837395806462673],[98.40086178964377,7.823983849892336],[98.41251306175201,7.801050490193238],[98.39611174831512,7.814064270931239],[98.38896757964575,7.8054503409028815],[98.37915666046734,7.837120418468325],[98.36604084916071,7.839025009255503],[98.34556251528328,7.823254881248618],[98.33316690099753,7.788898239893328],[98.3374464133684,7.777532572712775],[98.31090548767094,7.758596413213144],[98.30277448448966,7.759712741474327],[98.30446038699425,7.777402841019906],[98.28832009696393,7.775642810729724],[98.29096526752582,7.786512160901386],[98.28470464684263,7.7880428366219165],[98.29891132805072,7.804569781138966],[98.29815779490609,7.8189657524276654],[98.28954802828163,7.824350300279424],[98.28960323348659,7.857854908338714],[98.27170763567182,7.869751663738372],[98.27215639628929,7.882148881254899],[98.26091766107632,7.885718900512967],[98.26434114721881,7.8933350790626555],[98.2898326196876,7.886640033068348],[98.29633254857076,7.9090987001474655],[98.27541395081943,7.924445980944563],[98.26196388976554,7.923381821997743],[98.25791062565077,7.935227307195689],[98.26252394747671,7.948809296269114],[98.28188556994036,7.952536467461289],[98.27021408047354,7.987915203332001],[98.28520408607359,7.985153386645855],[98.2924823070917,8.00227200347414],[98.2881039957683,8.029469546091018],[98.27193754143538,8.038419697393826],[98.27775939530348,8.053659773981098],[98.27042825394895,8.071422845752913],[98.29796878413077,8.091578025071295],[98.30110441489752,8.122473836083424],[98.28386073425214,8.196684482716721],[98.3006563129526,8.198330120816973]]],[[[98.28075365563289,8.031910723097921],[98.28333886436059,8.029542575536436],[98.27986889536619,8.029741242454303],[98.28075365563289,8.031910723097921]]],[[[98.45058180345545,8.057141677822528],[98.44259931961055,8.06006109521564],[98.44988059270386,8.064413321646246],[98.45058180345545,8.057141677822528]]],[[[98.41588254063508,8.100292103758257],[98.41560354801346,8.098940465233293],[98.41517010576462,8.0976289561747],[98.41588254063508,8.100292103758257]]],[[[98.40105354246943,8.107532577655746],[98.40369546172167,8.105710448379213],[98.39910003522995,8.104237927267652],[98.40105354246943,8.107532577655746]]],[[[98.42374316859664,8.114458435802288],[98.42291857727186,8.115905149099415],[98.42425955994084,8.118641231567905],[98.42374316859664,8.114458435802288]]],[[[98.44150388283462,8.131076873747578],[98.44822217956845,8.124639724107446],[98.44623864073148,8.120896207900861],[98.44150388283462,8.131076873747578]]],[[[98.4288054427882,8.12790664595769],[98.42956130523784,8.129489409152217],[98.42883527313272,8.127753237450943],[98.4288054427882,8.12790664595769]]],[[[98.35602509263887,8.130851772584595],[98.3565634033866,8.131877527595133],[98.35672416879923,8.131852144158362],[98.35602509263887,8.130851772584595]]],[[[98.35890721958359,8.135629757810928],[98.35876901833676,8.135843965554727],[98.359060555558,8.136360511280031],[98.35890721958359,8.135629757810928]]],[[[98.40992695702631,8.143686897216046],[98.41064837886545,8.145148700181682],[98.41093063146572,8.144581185318769],[98.40992695702631,8.143686897216046]]],[[[98.4080108949333,8.159052219835468],[98.41350941247691,8.152876538490519],[98.41093306140529,8.149176334097673],[98.4080108949333,8.159052219835468]]],[[[98.40842852848097,8.159343958222637],[98.41013682908502,8.162368642557107],[98.41100006568286,8.159894352601729],[98.40842852848097,8.159343958222637]]],[[[97.63895840220123,8.485202282217433],[97.64602875998467,8.48196421454831],[97.65406086948792,8.47804080438972],[97.646708853417,8.476340615383704],[97.63895840220123,8.485202282217433]]],[[[97.64876564278032,8.496196003887318],[97.63842505620579,8.502392500484186],[97.63518790425087,8.508166020739107],[97.64876564278032,8.496196003887318]]],[[[97.65485195721229,8.515495695693122],[97.65485665144136,8.517168404726782],[97.65629514051143,8.515511173761123],[97.65485195721229,8.515495695693122]]],[[[97.6310639998222,8.576373204276626],[97.64012913421008,8.570563028309486],[97.63725559784488,8.559177469900334],[97.6310639998222,8.576373204276626]]],[[[97.64280348444868,8.57340888476206],[97.64736988671284,8.568732244005144],[97.64189121048388,8.573342602725372],[97.64280348444868,8.57340888476206]]],[[[97.63667169582968,8.597106386436497],[97.63537989395351,8.588217591099054],[97.63582629158424,8.596703822497341],[97.63667169582968,8.597106386436497]]],[[[97.64824050718592,8.667650995351629],[97.65335850251847,8.6303235471283],[97.64870485145937,8.628850170806452],[97.63701401858738,8.660798001184357],[97.64824050718592,8.667650995351629]]],[[[97.650738707101,8.680411110948805],[97.65062299141998,8.673223955788199],[97.64087183545018,8.678594057659293],[97.64121689920285,8.680928330243175],[97.650738707101,8.680411110948805]]],[[[97.79855537281092,8.819074630145405],[97.80189323316834,8.828283310994472],[97.80635642999907,8.82637595901462],[97.80757713322448,8.818040846882022],[97.79855537281092,8.819074630145405]]],[[[98.26878960024523,9.014630753002452],[98.30866334909818,8.998436200320247],[98.3238419181687,8.984122980577673],[98.30906128486808,8.946773493758991],[98.30461512828853,8.942162743929963],[98.29960538087307,8.943205743095572],[98.29621577651814,8.939649330857296],[98.29603356457035,8.927585283460001],[98.28621587205443,8.919490705500772],[98.28282420415336,8.894340262429576],[98.26681897275792,8.863375994230866],[98.26373395333438,8.888602761714017],[98.24823427091178,8.91395473841968],[98.2628168848235,8.95436813504201],[98.24751242821358,9.0071421613082],[98.26878960024523,9.014630753002452]]],[[[98.29986216286011,8.94137572755194],[98.30038306334228,8.942435361980598],[98.30072329562095,8.941714290273136],[98.29986216286011,8.94137572755194]]],[[[98.32501109826103,8.977729342622204],[98.32631512169048,8.983178865318802],[98.32711535418517,8.983341520853877],[98.32501109826103,8.977729342622204]]],[[[98.34881029815028,8.98579575566759],[98.34327355819144,8.98783976157006],[98.3386141658494,8.99490900152153],[98.34881029815028,8.98579575566759]]],[[[98.37725436466131,9.018826368761367],[98.37585856403415,9.021059389159939],[98.37857371296498,9.021986088171424],[98.37725436466131,9.018826368761367]]],[[[98.38958368314073,9.031442523534169],[98.39342778843321,9.031823487083871],[98.39382228181977,9.031633604397047],[98.38958368314073,9.031442523534169]]],[[[97.80838966406115,9.063722609416986],[97.80597496263775,9.080301282584548],[97.80925178403609,9.084474562441553],[97.81891441388291,9.066377639981182],[97.80838966406115,9.063722609416986]]],[[[98.3604094601637,9.072242684261289],[98.36119119413316,9.074713782159687],[98.36154971683581,9.074747837204486],[98.3604094601637,9.072242684261289]]],[[[98.3661615303458,9.07851328464113],[98.36700580290619,9.083251009638388],[98.36875774300456,9.07866352443848],[98.3661615303458,9.07851328464113]]],[[[98.29041222944386,9.166379862720467],[98.29757733133202,9.139196361161146],[98.30784013961733,9.138942361273266],[98.32464429685776,9.115669282041269],[98.33432044919353,9.080073037931923],[98.30322497395677,9.037955055009471],[98.28693477426697,9.02884361334948],[98.24970604136625,9.030504077585164],[98.24939936136653,9.126186593543597],[98.26152342831314,9.140324047734609],[98.26183309841704,9.166055017400181],[98.29041222944386,9.166379862720467]]],[[[98.35137160560437,9.097025324368287],[98.34696221185004,9.100601091375133],[98.34909506358558,9.103146448846136],[98.35137160560437,9.097025324368287]]],[[[98.34844538527962,9.103517424593525],[98.34444156272964,9.102660839803894],[98.34575409751436,9.10690011846559],[98.34844538527962,9.103517424593525]]],[[[98.30546750191596,9.140059550991142],[98.30679915048371,9.140988784021383],[98.30632643704487,9.139514446886139],[98.30546750191596,9.140059550991142]]],[[[98.3381737951826,9.147874224021912],[98.33798943737033,9.149745425436038],[98.33896716528734,9.148572281254728],[98.3381737951826,9.147874224021912]]],[[[98.33880429041481,9.14705940992657],[98.33166492624505,9.126317727835668],[98.31256348449601,9.151986677912491],[98.31265794291433,9.180309973631946],[98.33880429041481,9.14705940992657]]],[[[98.29259215267373,9.167367647016237],[98.29116363306845,9.167170825203211],[98.29016796630688,9.167997899042444],[98.29259215267373,9.167367647016237]]],[[[98.36463580496338,9.209088611418016],[98.3617077296579,9.21240498059888],[98.36170682480338,9.214799188351256],[98.36463580496338,9.209088611418016]]],[[[98.36534636452909,9.214138830713487],[98.36572208667404,9.216067921435444],[98.36565224430389,9.213827996198425],[98.36534636452909,9.214138830713487]]],[[[98.31704399988955,9.253481184324231],[98.28928333009002,9.20796203322808],[98.29546314985836,9.195741723306696],[98.28365932008907,9.179059289880447],[98.26002121611751,9.16788785589886],[98.26393041019524,9.205965080761862],[98.27668757447496,9.208899308112219],[98.30615183398935,9.264452359775232],[98.31704399988955,9.253481184324231]]],[[[98.36413979731655,9.216299960629845],[98.36533622202539,9.217362391780366],[98.36487616380579,9.2152170014189],[98.36413979731655,9.216299960629845]]],[[[98.35220770358785,9.22404017564051],[98.35977578842817,9.218122992305734],[98.36097324049602,9.211173450570493],[98.35220770358785,9.22404017564051]]],[[[98.36397589620175,9.216802306539464],[98.36335086221919,9.219859062164629],[98.36516233910649,9.219663073360518],[98.36397589620175,9.216802306539464]]],[[[98.34611039025711,9.221656235741328],[98.34652403347211,9.21937195170029],[98.34562408787855,9.221564441741751],[98.34611039025711,9.221656235741328]]],[[[98.36286982365353,9.22013709553908],[98.36361552576167,9.2219223527195],[98.36412540245243,9.220696763550581],[98.36286982365353,9.22013709553908]]],[[[98.32562662661637,9.33620885305893],[98.32093099041816,9.335106853674253],[98.32385595681737,9.337620905992933],[98.32562662661637,9.33620885305893]]],[[[97.86865806322315,9.37425422502395],[97.87047004853902,9.36794471557769],[97.86355400099232,9.365827559180467],[97.86255073751825,9.371007921119023],[97.86865806322315,9.37425422502395]]],[[[97.89332008488519,9.39779853663826],[97.89585304417493,9.39444923476339],[97.89196586586542,9.397893904688384],[97.89332008488519,9.39779853663826]]],[[[97.86634254324206,9.422468186948313],[97.87048530835811,9.411771772309162],[97.86331367460257,9.404699323943944],[97.87421989580625,9.403692247022233],[97.88249778844563,9.387250899863638],[97.87575721715628,9.378755571329203],[97.84038734343287,9.414045336016144],[97.85199928252544,9.411581039806379],[97.85587119824203,9.42317390559292],[97.86634254324206,9.422468186948313]]],[[[97.831838605539,9.425653456857097],[97.8339061737198,9.419057847764215],[97.8286685945275,9.418588638219024],[97.831838605539,9.425653456857097]]],[[[98.34866268908347,9.440177063503564],[98.35424014587231,9.43625095303675],[98.34811541282956,9.43456153622684],[98.34866268908347,9.440177063503564]]],[[[97.8897838615178,9.461442950080928],[97.9036006904848,9.452272413677894],[97.8930149077923,9.441190721778002],[97.90427207681869,9.433271407022607],[97.90149498200188,9.42129326126563],[97.8783016224367,9.442670824862493],[97.87148094124844,9.43522834812644],[97.88050270139946,9.414075852170782],[97.86574363886584,9.431142809078102],[97.84756279006224,9.435026169562741],[97.8613185897812,9.436231611341379],[97.85188102475149,9.446245194204739],[97.85508918568705,9.455816268188727],[97.8897838615178,9.461442950080928]]],[[[98.32602500742883,9.457368849681886],[98.32869148351573,9.454740523175],[98.32659721298872,9.453279495804123],[98.32602500742883,9.457368849681886]]],[[[97.90255546379589,9.478391648662212],[97.90633582866315,9.473398210168122],[97.90504646486727,9.473051070848147],[97.90255546379589,9.478391648662212]]],[[[98.38471131977639,9.483996543579597],[98.37092117350166,9.47808136531823],[98.3688241504088,9.495489255697454],[98.38471131977639,9.483996543579597]]],[[[98.3299627418279,9.46971009030242],[98.3368917783008,9.490840550416138],[98.3541760977168,9.50822232378138],[98.34299719127674,9.475035568807185],[98.3299627418279,9.46971009030242]]],[[[98.369482041071,9.501176835774752],[98.36889076102872,9.504037856124238],[98.36968803416258,9.503873824506776],[98.369482041071,9.501176835774752]]],[[[98.35414795935476,9.510389001721483],[98.3569310520893,9.518529530005177],[98.36076610473248,9.512821955369422],[98.35414795935476,9.510389001721483]]],[[[98.38326212590482,9.572157933991505],[98.38340877378367,9.563975829299741],[98.38070307972934,9.564952870790076],[98.38326212590482,9.572157933991505]]],[[[98.4218777522148,9.71843338139984],[98.42415830059439,9.712847973197984],[98.41948343340897,9.717784990361295],[98.4218777522148,9.71843338139984]]],[[[98.41534155206413,9.777017954732631],[98.42747936537071,9.73415420692694],[98.4170917608887,9.718055757854655],[98.3899297078703,9.703878669634781],[98.39645394923664,9.715484949752858],[98.37956723485746,9.732007464924195],[98.38841880126132,9.750321159675693],[98.40501866169458,9.746377221815957],[98.40887993131048,9.761362070299423],[98.40052964638159,9.764991716786058],[98.41534155206413,9.777017954732631]]],[[[98.4473434199499,9.778543732519823],[98.44548875824285,9.783757392196785],[98.44987979028133,9.786768070234306],[98.4473434199499,9.778543732519823]]],[[[98.46382163086702,9.861444099005823],[98.47298061723522,9.87183186514752],[98.464661293601,9.838398982019196],[98.46879582408614,9.824103824794033],[98.4637786245468,9.812955970138756],[98.4547760331165,9.816132889758666],[98.45204905328855,9.789475384520152],[98.43307740622,9.804130017934302],[98.43091926143613,9.829272408229368],[98.4413400034752,9.833544801293923],[98.436503427896,9.85693939083218],[98.45053321651956,9.874275264353921],[98.46382163086702,9.861444099005823]]],[[[98.48332511210629,7.768954364713195],[98.47399406091091,7.7501216577568925],[98.48221289789367,7.770819717457331],[98.48332511210629,7.768954364713195]]],[[[98.53133582903288,7.7972164149632555],[98.5303630810971,7.798913953836844],[98.5307292953132,7.799127577733644],[98.53133582903288,7.7972164149632555]]],[[[98.57993470350286,7.892847273314062],[98.58373854996061,7.889583302514357],[98.58235078890507,7.88786216397233],[98.57993470350286,7.892847273314062]]],[[[98.51488824500069,7.8910005245673025],[98.51382118643353,7.8936523817090345],[98.51579465693818,7.891178480993743],[98.51488824500069,7.8910005245673025]]],[[[98.51196098496705,7.896211621906753],[98.51059532304839,7.896921157974129],[98.51061057907987,7.898118975180671],[98.51196098496705,7.896211621906753]]],[[[98.54791334352582,7.908090877002429],[98.54994967687314,7.908189732695347],[98.54738116963429,7.9068329729897995],[98.54791334352582,7.908090877002429]]],[[[98.45546912974102,7.9245891570095575],[98.45657539586698,7.923681261279217],[98.45543861583923,7.922773359151992],[98.45546912974102,7.9245891570095575]]],[[[98.51613044749571,7.953790664469698],[98.514497757913,7.95726203821196],[98.51703453087887,7.960020066007308],[98.51613044749571,7.953790664469698]]],[[[98.56824463272847,7.995890149462232],[98.56458042807886,7.99641043366175],[98.56756438151655,7.997597089700774],[98.56824463272847,7.995890149462232]]],[[[98.52781103904586,8.117163853053862],[98.57317585472997,8.07720229833545],[98.59965270862514,8.082859259033759],[98.59235108479017,8.065616977739875],[98.6103678897304,8.043959751731487],[98.60009165006426,8.035286062026831],[98.60010545096675,8.018364453513415],[98.61424889483304,7.965026277803049],[98.59651230440802,7.888056798518983],[98.58912353360493,7.915419780974958],[98.58036325209645,7.912824816050075],[98.58225769864505,7.895430633703374],[98.5767874072321,7.901439580867395],[98.57733561008361,7.923880273107786],[98.56464462418903,7.959446396683196],[98.5711133908503,7.9743265030643045],[98.56552192667701,7.990214005805795],[98.58034735767234,7.990888165840869],[98.58394092207021,8.008893738644526],[98.56498326379756,8.032552708220669],[98.5542477060661,8.026933869529913],[98.54884494691866,8.05492441267559],[98.53079717543976,8.070996701146099],[98.52417337801047,8.089324236369631],[98.53325807652476,8.0947849433674],[98.52781103904586,8.117163853053862]]],[[[98.45880101026641,8.031744488046776],[98.4618604528803,8.02697477777828],[98.46069577407712,8.022092902717235],[98.45880101026641,8.031744488046776]]],[[[98.4681057637834,8.061485214689728],[98.47189780912154,8.046583031943724],[98.46860750161451,8.037940822355516],[98.45636624243986,8.05976759681192],[98.4681057637834,8.061485214689728]]],[[[98.45699306507304,8.094843163571808],[98.45793395393687,8.09569805889152],[98.4579491198743,8.094872121106155],[98.45699306507304,8.094843163571808]]],[[[98.45463801748456,8.11611870112947],[98.45212472998092,8.118379519486151],[98.4550884907148,8.117600513714402],[98.45463801748456,8.11611870112947]]],[[[98.56038915920905,8.119611455760312],[98.56101069300836,8.122815822610876],[98.56199818828031,8.122107859857726],[98.56038915920905,8.119611455760312]]],[[[98.56291933008585,8.123633398344133],[98.56213809711686,8.124941820360007],[98.56310090635442,8.123723677671709],[98.56291933008585,8.123633398344133]]],[[[98.63645415544802,8.18331400524553],[98.62963149954066,8.151452169401754],[98.63437787216827,8.141420468138852],[98.62228278408101,8.130024790740046],[98.62757605598314,8.126465646072335],[98.62453390175202,8.10082113492353],[98.61816376074094,8.097600960740236],[98.61764920590767,8.080378341260703],[98.61156274183024,8.080651108676683],[98.60488853985582,8.100020901415705],[98.58636221355528,8.097274311113912],[98.56236227844965,8.119515479781867],[98.57609867575486,8.114197749669591],[98.58792459736831,8.11899947093627],[98.60025552426276,8.153398534136555],[98.62126945151525,8.182381876980571],[98.62522316555304,8.176062710226482],[98.62754072700034,8.18613339221767],[98.63645415544802,8.18331400524553]]],[[[98.53469159898762,8.156132852654997],[98.55565487455085,8.137670989372012],[98.557483843095,8.126054357799182],[98.53874450650336,8.13849750406176],[98.53469159898762,8.156132852654997]]],[[[98.57658847733016,8.14968288016225],[98.57862987696001,8.147235289384692],[98.57812081987109,8.146296773137538],[98.57658847733016,8.14968288016225]]],[[[98.54010515914896,8.159431371498064],[98.54103188193041,8.157391264537345],[98.53976234692858,8.157996676372994],[98.54010515914896,8.159431371498064]]],[[[98.54137753194892,8.164169737645588],[98.5430807942922,8.165142809677883],[98.5433264985588,8.162982515081634],[98.54137753194892,8.164169737645588]]],[[[98.5404176475938,8.167696222002364],[98.53613478518213,8.181493390689003],[98.53751468589947,8.185686646535931],[98.5404176475938,8.167696222002364]]],[[[98.49499773956627,8.180473337390623],[98.49543591352578,8.180890898010489],[98.49555242631554,8.180497625298617],[98.49499773956627,8.180473337390623]]],[[[98.49194336153018,8.201110928551875],[98.49546037105759,8.175889325350093],[98.4917173758038,8.165500551368032],[98.48595720735123,8.183493871178433],[98.49194336153018,8.201110928551875]]],[[[98.6102755106219,8.196206975810231],[98.61202950482502,8.190703262306894],[98.60908107537615,8.194335245783074],[98.6102755106219,8.196206975810231]]],[[[98.50893699166346,8.19516622396524],[98.50924854743317,8.196785621978684],[98.50935745377906,8.195099371817006],[98.50893699166346,8.19516622396524]]],[[[98.51139160296775,8.204884650239187],[98.50891354359696,8.202344192066251],[98.50964315698006,8.205950916061587],[98.51139160296775,8.204884650239187]]],[[[98.59171907476394,8.20896862034902],[98.59048292350587,8.22006079647144],[98.59142591280104,8.222355355421048],[98.5938364290943,8.213761013158754],[98.59171907476394,8.20896862034902]]],[[[98.50730493293544,8.224292523547952],[98.51024861234009,8.210747392595197],[98.50862785721834,8.208047721328885],[98.50443096221622,8.215054341195504],[98.50730493293544,8.224292523547952]]],[[[98.50038331444317,8.22786464850286],[98.50259668738067,8.222612048019673],[98.49925732761982,8.221444913281744],[98.50038331444317,8.22786464850286]]],[[[98.47580026357399,8.22945876924253],[98.47824044266265,8.230759994587183],[98.47668438561178,8.227955925258085],[98.47580026357399,8.22945876924253]]],[[[98.50020236468524,8.236591589279362],[98.50466194917512,8.237193509519708],[98.50774395554045,8.228149152865324],[98.50020236468524,8.236591589279362]]],[[[98.47709984583776,8.232860046319173],[98.47632792418949,8.236539909079225],[98.47825729224235,8.23742124457846],[98.47709984583776,8.232860046319173]]],[[[98.50500651335078,8.238377306156307],[98.50411271611169,8.240280784220419],[98.50436209890304,8.240686810311908],[98.50500651335078,8.238377306156307]]],[[[98.47826749045485,8.238899724248668],[98.47781875613246,8.239498227407116],[98.4781680265977,8.239488069124913],[98.47826749045485,8.238899724248668]]],[[[98.46377318857874,8.241831763486973],[98.464073306772,8.241016224562218],[98.46361167802755,8.241093315663443],[98.46377318857874,8.241831763486973]]],[[[98.49290540860166,8.245258477064137],[98.49299629908506,8.241945289820235],[98.49189340546755,8.24589269324639],[98.49290540860166,8.245258477064137]]],[[[98.47912517649875,8.246059341653675],[98.47750791632575,8.248007126571116],[98.47835510052406,8.248460293948092],[98.47912517649875,8.246059341653675]]],[[[98.49573139970244,8.24738316047225],[98.49493145852745,8.24672227515119],[98.49464589529863,8.24880039896467],[98.49573139970244,8.24738316047225]]],[[[98.47236273142788,8.253830172369467],[98.46744458050243,8.246393639810433],[98.46445864309374,8.242567273123532],[98.47236273142788,8.253830172369467]]],[[[98.4940761676566,8.251697345907656],[98.49345555595583,8.249747358790838],[98.49339234349475,8.252402672827703],[98.4940761676566,8.251697345907656]]],[[[98.51083246652477,8.256886878259424],[98.51083753759744,8.254342194830228],[98.51048655667377,8.254405043076021],[98.51083246652477,8.256886878259424]]],[[[98.50791090036978,8.256543312131829],[98.50860696590432,8.258185496724764],[98.50826487388203,8.25633630975785],[98.50791090036978,8.256543312131829]]],[[[98.47208029603875,8.257178505034858],[98.47305940528831,8.25728152806521],[98.47250446278707,8.256400806233055],[98.47208029603875,8.257178505034858]]],[[[98.50532635458683,8.259337945771973],[98.50437039342273,8.260980516327315],[98.5053920105709,8.262023410601442],[98.50532635458683,8.259337945771973]]],[[[98.49432319427108,8.262446967538118],[98.49322864743571,8.26341906697473],[98.49438408015045,8.263174666472349],[98.49432319427108,8.262446967538118]]],[[[98.48893196066618,8.270362104700164],[98.48759363334014,8.266044393503492],[98.4865981579104,8.26737848204303],[98.48893196066618,8.270362104700164]]],[[[98.45767405229189,8.270013668255427],[98.45842915929481,8.27310588502101],[98.45919929476592,8.269751334632337],[98.45767405229189,8.270013668255427]]],[[[98.48494398558987,8.271913503150133],[98.47993369204637,8.270550223104745],[98.48120424901164,8.281006275673441],[98.48494398558987,8.271913503150133]]],[[[98.50125625993799,8.276153103807223],[98.50046738189008,8.273354783646047],[98.49941981770053,8.27372645230167],[98.50125625993799,8.276153103807223]]],[[[98.47365087053258,8.275123461816227],[98.47459443441603,8.275649106465483],[98.47400305901688,8.274199975835828],[98.47365087053258,8.275123461816227]]],[[[98.45697125338889,8.278015313849608],[98.4569408586692,8.276248174952082],[98.45581813630064,8.277779893472731],[98.45697125338889,8.278015313849608]]],[[[98.57792591268185,8.288816788237845],[98.59904673841999,8.288226951843942],[98.59909696777335,8.28570394602559],[98.57431486185182,8.280288944403004],[98.57792591268185,8.288816788237845]]],[[[98.48558607248737,8.2859297610186],[98.48756245810661,8.300239534762982],[98.49103214079109,8.30626924086889],[98.50107117623004,8.284979696679518],[98.496991796028,8.276714332198287],[98.48558607248737,8.2859297610186]]],[[[98.48092233894825,8.295439159207044],[98.47767915454358,8.307352247742157],[98.47877776073663,8.309106524388447],[98.48092233894825,8.295439159207044]]],[[[98.49973799240703,8.307029116566136],[98.49701818682597,8.299434513599403],[98.49562890837153,8.305351687919206],[98.49973799240703,8.307029116566136]]],[[[98.46966527537202,8.304163795445326],[98.47093702215632,8.303957617215696],[98.47081049535178,8.303142560959706],[98.46966527537202,8.304163795445326]]],[[[98.51617622442954,8.310670853293088],[98.51625633338567,8.311285019209242],[98.51639366173852,8.311208725140535],[98.51617622442954,8.310670853293088]]],[[[98.49105394813904,8.30955162795234],[98.49392343055295,8.313152611727654],[98.49470159221529,8.311887806693028],[98.49105394813904,8.30955162795234]]],[[[98.51761818030951,8.31250953631016],[98.51667213388282,8.313062669511648],[98.517358779113,8.313093185487045],[98.51761818030951,8.31250953631016]]],[[[98.50383417166498,8.339214850233374],[98.50181582345168,8.336702528598193],[98.5035846467728,8.339448970094914],[98.50383417166498,8.339214850233374]]],[[[98.6131996343849,8.352449531136617],[98.6107488630224,8.353580936135184],[98.61326402958498,8.355206194827279],[98.6131996343849,8.352449531136617]]],[[[98.57700033731592,8.356620067296813],[98.57760348107112,8.358467340843115],[98.57859887124792,8.356406188123731],[98.57700033731592,8.356620067296813]]],[[[98.60856401729498,8.359758252700237],[98.60653588012813,8.360232126653287],[98.60820116906116,8.360712054336267],[98.60856401729498,8.359758252700237]]],[[[98.60538468665167,8.361519376540121],[98.60608293990717,8.362169943711951],[98.60564917497717,8.361450593838736],[98.60538468665167,8.361519376540121]]],[[[98.52581438876994,9.574534101722838],[98.51674161715992,9.572033042853205],[98.5112909419757,9.573820051134422],[98.5154441608795,9.577498860669898],[98.52581438876994,9.574534101722838]]],[[[98.47186798155059,9.577241120748248],[98.48926966540807,9.577704303281502],[98.48250671059037,9.571030500313277],[98.47186798155059,9.577241120748248]]],[[[98.4668476317805,9.57381752146331],[98.4609049296391,9.57932355595482],[98.46765915070112,9.592614517757777],[98.47448696479047,9.58518800719385],[98.4668476317805,9.57381752146331]]],[[[98.52061294747439,9.581214139967017],[98.51350736402395,9.582941935639601],[98.51112975944044,9.585068230031128],[98.51706042346817,9.584944916920877],[98.52061294747439,9.581214139967017]]],[[[98.47028420114506,9.594385939511659],[98.46832924306665,9.59637831215246],[98.46907368494543,9.597086135520463],[98.47028420114506,9.594385939511659]]],[[[98.49742738840078,9.62236445517886],[98.49923469291953,9.624593472931352],[98.49756979965552,9.620942797786677],[98.49742738840078,9.62236445517886]]],[[[98.50421470575486,9.709111901253731],[98.514875002541,9.703318288507521],[98.50801766966428,9.69361506135513],[98.49711221352227,9.70264882090861],[98.50421470575486,9.709111901253731]]],[[[98.50058170792987,9.734155765343015],[98.50058112767542,9.730448729781903],[98.49869380140157,9.73096349607995],[98.50058170792987,9.734155765343015]]],[[[98.5073784847557,9.733626166620333],[98.50521532971254,9.731373364868178],[98.50726792399037,9.734893974948982],[98.5073784847557,9.733626166620333]]],[[[98.48323554012742,9.7361261645347],[98.48744868774486,9.734238549752531],[98.48515903698426,9.731726331757129],[98.48323554012742,9.7361261645347]]],[[[98.46037911924674,9.767536949505736],[98.46646835700379,9.769418790784547],[98.46122336552034,9.764997990252798],[98.46037911924674,9.767536949505736]]],[[[98.51404646968759,9.906260350427909],[98.51329759505252,9.899815234110216],[98.50757435948375,9.900490867124045],[98.51404646968759,9.906260350427909]]],[[[98.48741923374006,9.913755428266064],[98.48548401252654,9.89836635669005],[98.46760014602557,9.891909349164006],[98.47506948973448,9.911322359183123],[98.48741923374006,9.913755428266064]]],[[[98.52143533767206,9.92192558101074],[98.51008112294058,9.906954453228849],[98.5076677248211,9.90725848665858],[98.5136118408936,9.92047856361559],[98.52143533767206,9.92192558101074]]],[[[98.53666210755497,9.917903084602987],[98.5345709176611,9.921182086322263],[98.53645170183624,9.922084603394596],[98.53666210755497,9.917903084602987]]],[[[98.48951893260353,9.932629814013447],[98.48236973550328,9.926941284855735],[98.47906349883624,9.930746101393359],[98.48449645521684,9.935341375399167],[98.48951893260353,9.932629814013447]]],[[[98.76613308642287,7.653645169578898],[98.76506427277396,7.656157833069892],[98.76678494975388,7.6551181772886085],[98.76613308642287,7.653645169578898]]],[[[98.76725458886513,7.658687519458015],[98.76725839778767,7.657165437211065],[98.76677518692956,7.6580494575944575],[98.76725458886513,7.658687519458015]]],[[[98.76738870620615,7.673122359217483],[98.76618142836766,7.673023202362472],[98.76662544036003,7.673614470807134],[98.76738870620615,7.673122359217483]]],[[[98.77145315430938,7.682564239094772],[98.76332674468017,7.672965134064064],[98.76496164074224,7.700208720505339],[98.77145315430938,7.682564239094772]]],[[[98.61567878887216,7.744779587692455],[98.61289787191082,7.746713637103298],[98.61369133016414,7.747903826503335],[98.61567878887216,7.744779587692455]]],[[[98.79008426063594,7.737491823404002],[98.7885928316987,7.724958697549845],[98.76981405788972,7.737994521803961],[98.77113014880278,7.717845786423268],[98.7600048609875,7.724601493772881],[98.75636659479235,7.742810698209002],[98.76912019688456,7.747900418535589],[98.75527583135347,7.788051282151382],[98.79008426063594,7.737491823404002]]],[[[98.75877630804325,7.762012696568711],[98.75835209253786,7.762617963169047],[98.75819736666352,7.7630024570275875],[98.75877630804325,7.762012696568711]]],[[[98.77893868153917,7.788979901912063],[98.77948036736585,7.788909483797806],[98.7790335079544,7.788648088020219],[98.77893868153917,7.788979901912063]]],[[[98.78016880407968,7.791097225464385],[98.7794991494704,7.7909238501061635],[98.77950805241021,7.791234270977495],[98.78016880407968,7.791097225464385]]],[[[98.7818425078129,7.791600690855433],[98.78123220040885,7.791243608590873],[98.7811584798795,7.791760322806988],[98.7818425078129,7.791600690855433]]],[[[98.77878870213677,7.79173874702237],[98.7778522432767,7.79168623781893],[98.77788411867427,7.792031681632398],[98.77878870213677,7.79173874702237]]],[[[98.78077562582314,7.793305813620498],[98.78100223134614,7.792470880918344],[98.78073699177456,7.792372965554822],[98.78077562582314,7.793305813620498]]],[[[98.77171324084436,7.821020523051575],[98.77437708348523,7.815194074945758],[98.7701026636441,7.811695041538154],[98.77171324084436,7.821020523051575]]],[[[98.77737492246675,7.947384578095552],[98.7777414685518,7.946260655993078],[98.77684885862756,7.946402546017998],[98.77737492246675,7.947384578095552]]],[[[98.77981985193495,7.948536693848576],[98.77901006039946,7.949577336345355],[98.77970017541831,7.949797185773248],[98.77981985193495,7.948536693848576]]],[[[98.78761719768919,7.955503997950918],[98.78860913384787,7.955927319453576],[98.78809603851698,7.955279110601621],[98.78761719768919,7.955503997950918]]],[[[98.7824623280989,8.031167181568097],[98.78157206807246,8.03335178130786],[98.78231623733947,8.033867208940894],[98.7824623280989,8.031167181568097]]],[[[98.78239777449824,8.036258675029398],[98.7829347971064,8.037598794546595],[98.78266681757667,8.036011169392832],[98.78239777449824,8.036258675029398]]],[[[98.62522799809649,8.03763745871868],[98.62149110581566,8.039882940707122],[98.6231068783245,8.041675899027586],[98.62522799809649,8.03763745871868]]],[[[98.62268525461054,8.043569972910886],[98.62302662651504,8.043202609279652],[98.62292208790332,8.04274972323579],[98.62268525461054,8.043569972910886]]],[[[98.67668287035761,8.04853573308108],[98.67569324257319,8.04959627651414],[98.67589197219486,8.04984718530246],[98.67668287035761,8.04853573308108]]],[[[98.74807861504311,8.052337775965421],[98.74761054605942,8.05392674788612],[98.7483680373786,8.054041371187331],[98.74807861504311,8.052337775965421]]],[[[98.67520814765987,8.082924643193655],[98.68321342534003,8.079925893323331],[98.67747323753352,8.073133829597081],[98.67520814765987,8.082924643193655]]],[[[98.62773826988756,8.080846722783154],[98.62752898542247,8.07762306538514],[98.62610321527522,8.080943425556931],[98.62773826988756,8.080846722783154]]],[[[98.68820428139286,8.08835767773306],[98.6859128096521,8.088953369446596],[98.68618599474092,8.090271882501346],[98.68820428139286,8.08835767773306]]],[[[98.68061540456358,8.097829570892008],[98.6799873541346,8.0984065636903],[98.68079452663706,8.098916748926126],[98.68061540456358,8.097829570892008]]],[[[98.69013771564828,8.103079972948825],[98.69484784013396,8.10040100276305],[98.68861950005001,8.098772563445063],[98.69013771564828,8.103079972948825]]],[[[98.68158036706757,8.102845253486946],[98.68379518208461,8.104661659632852],[98.68194239026424,8.10099890915798],[98.68158036706757,8.102845253486946]]],[[[98.70470206397114,8.10746707785069],[98.70999627611263,8.105096787719946],[98.70496638504697,8.105040846598174],[98.70470206397114,8.10746707785069]]],[[[98.6890860237122,8.104800933518046],[98.68747134877796,8.108148609957773],[98.6901923872409,8.107347421228114],[98.6890860237122,8.104800933518046]]],[[[98.70969311961451,8.113661972819088],[98.7061620939182,8.111907411638352],[98.7065295726432,8.113931459409436],[98.70969311961451,8.113661972819088]]],[[[98.66095619029394,8.11673605630325],[98.66220830834247,8.114409407791149],[98.66018559905605,8.116225515000252],[98.66095619029394,8.11673605630325]]],[[[98.66152657000988,8.119296786237019],[98.66150699578134,8.1184128937164],[98.66016592510822,8.118968413688819],[98.66152657000988,8.119296786237019]]],[[[98.67732018343455,8.116190950895353],[98.67808366288925,8.12183688238308],[98.68046409995671,8.121059280405555],[98.67732018343455,8.116190950895353]]],[[[98.67208183036975,8.122183594098034],[98.67074325071357,8.125715357638477],[98.67263532067587,8.12466574196534],[98.67208183036975,8.122183594098034]]],[[[98.66935528754115,8.126414418122696],[98.66929890274723,8.12752995370261],[98.66976801201855,8.127374555823888],[98.66935528754115,8.126414418122696]]],[[[98.68697178137491,8.130744571992974],[98.68477873629024,8.127758517616606],[98.68372996158772,8.129051308944467],[98.68697178137491,8.130744571992974]]],[[[98.62677216978052,8.131414976003438],[98.62622022375922,8.131339642436476],[98.62623689300888,8.132174010728615],[98.62677216978052,8.131414976003438]]],[[[98.71678962742699,8.146099534561804],[98.71671616236105,8.142439441559429],[98.71593490070578,8.142493176088035],[98.71678962742699,8.146099534561804]]],[[[98.7366523709101,8.17604652759963],[98.7337863875559,8.175502024702947],[98.73631524467103,8.177370474243174],[98.7366523709101,8.17604652759963]]],[[[98.72963920997806,8.179328851232782],[98.72901930802726,8.179607689508579],[98.7293773215459,8.179772378862946],[98.72963920997806,8.179328851232782]]],[[[98.72384616102921,8.182794988422453],[98.72252550700114,8.182002060941578],[98.72248974764571,8.183213532657875],[98.72384616102921,8.182794988422453]]],[[[98.73205199166175,8.18375375557835],[98.72962367686179,8.183538015497506],[98.72977493192019,8.184862029517513],[98.73205199166175,8.18375375557835]]],[[[98.66434235445912,8.187612853064238],[98.66392711665559,8.186769993910135],[98.6639996045438,8.188104751946032],[98.66434235445912,8.187612853064238]]],[[[98.66334897180312,8.187694469643025],[98.66362432393586,8.187519791566265],[98.66327727738356,8.187531743345023],[98.66334897180312,8.187694469643025]]],[[[98.6618637175538,8.18801429128457],[98.66207012160973,8.18736388674109],[98.66162308824278,8.1870916661758],[98.6618637175538,8.18801429128457]]],[[[98.7274042466226,8.190953109782788],[98.72625431690663,8.19026935271666],[98.7267040537404,8.191633256071285],[98.7274042466226,8.190953109782788]]],[[[98.63885615115424,8.199492234946247],[98.64025322711448,8.193624459571543],[98.63892551605817,8.19016244851205],[98.63421132118309,8.194440429471884],[98.63885615115424,8.199492234946247]]],[[[98.72601469838528,8.194738343286213],[98.72548997293929,8.1956811515895],[98.7255052142582,8.195895853752125],[98.72601469838528,8.194738343286213]]],[[[98.72731919951359,8.196092948818478],[98.72762430255727,8.196570574022076],[98.72768253157065,8.196023938396161],[98.72731919951359,8.196092948818478]]],[[[98.63357897520204,8.194608828915134],[98.63157353804964,8.197272606074092],[98.63230530308614,8.19832354832937],[98.63357897520204,8.194608828915134]]],[[[98.68812114168813,8.203458118111765],[98.69167238069973,8.205746494148858],[98.69226191959422,8.20506063441418],[98.68812114168813,8.203458118111765]]],[[[98.69125408932412,8.206570981853286],[98.69143189906794,8.210015735499963],[98.69179562428677,8.206320970927463],[98.69125408932412,8.206570981853286]]],[[[98.73105691276474,8.2106773102325],[98.72868600731728,8.212067828230172],[98.72899545346803,8.212783688519762],[98.73105691276474,8.2106773102325]]],[[[98.68742299672805,8.209527022643698],[98.68827488968672,8.213697621273798],[98.68897165361813,8.212311936114212],[98.68742299672805,8.209527022643698]]],[[[98.69503965048467,8.215900141076737],[98.69539877552452,8.215875995173734],[98.6950962808307,8.215700598672747],[98.69503965048467,8.215900141076737]]],[[[98.7235167500645,8.21837076988171],[98.72791936864108,8.21658652958005],[98.72652183271235,8.214423983803309],[98.7235167500645,8.21837076988171]]],[[[98.72895516843315,8.221179887720844],[98.73194763888817,8.215821746709775],[98.72822817641608,8.21667147609374],[98.72895516843315,8.221179887720844]]],[[[98.72672005592982,8.218648896201982],[98.72719834023127,8.21848469659487],[98.72675135861124,8.218334375994171],[98.72672005592982,8.218648896201982]]],[[[98.729923432924,8.225671413753012],[98.73003141259117,8.22667950267261],[98.73022442370143,8.225705001378351],[98.729923432924,8.225671413753012]]],[[[98.72952908667396,8.227662275763649],[98.7294114326427,8.228370558264567],[98.72981333828795,8.227729160188703],[98.72952908667396,8.227662275763649]]],[[[98.7330033790388,8.229849060169649],[98.73344028526347,8.229952790271994],[98.73336637944679,8.229738481130807],[98.7330033790388,8.229849060169649]]],[[[98.73075850174656,8.231020632531953],[98.73150625085005,8.231301529977653],[98.73134377356617,8.230747967691423],[98.73075850174656,8.231020632531953]]],[[[98.63558269220316,8.230879216492651],[98.63463395907561,8.230744487398397],[98.63453192809776,8.232158236018138],[98.63558269220316,8.230879216492651]]],[[[98.63528387326468,8.231862337618466],[98.63570935914294,8.231942418930123],[98.63539050719288,8.231640291528663],[98.63528387326468,8.231862337618466]]],[[[98.70384802605892,8.232854210457882],[98.7042012304347,8.232881967657978],[98.70393920928058,8.232703085824813],[98.70384802605892,8.232854210457882]]],[[[98.61269087013902,8.235186560679729],[98.61304107838735,8.234143266338224],[98.61255049846054,8.234132120814609],[98.61269087013902,8.235186560679729]]],[[[98.71000497233102,8.237508190565677],[98.70702487434534,8.236988472411001],[98.70961951503678,8.238705927817868],[98.71000497233102,8.237508190565677]]],[[[98.63645058038995,8.247916190421508],[98.64386333154162,8.243823126509705],[98.64367286382965,8.230780833144669],[98.6418804359805,8.231453264688945],[98.64065833284057,8.238832418318626],[98.6390197808589,8.242960008738073],[98.63615431707889,8.246238871007062],[98.63645058038995,8.247916190421508]]],[[[98.63886833191093,8.242486953896206],[98.63865470991577,8.242200851315625],[98.6384716045626,8.242456436013448],[98.63886833191093,8.242486953896206]]],[[[98.61412404295662,8.24123572526252],[98.61159769031191,8.244734377526742],[98.6122588521362,8.245601171874917],[98.61412404295662,8.24123572526252]]],[[[98.70691147016917,8.242308546391683],[98.70345195590404,8.246135955510702],[98.70421232707196,8.247124926354113],[98.70691147016917,8.242308546391683]]],[[[98.64223739066448,8.246662995860131],[98.64209009931339,8.245858247450874],[98.64175396876264,8.246797062946726],[98.64223739066448,8.246662995860131]]],[[[98.63729287352507,8.248986034459985],[98.637112402704,8.247867841539419],[98.63662769323584,8.248644913884652],[98.63729287352507,8.248986034459985]]],[[[98.64109122918897,8.249179006878355],[98.64122820955762,8.250048783574353],[98.64163578034184,8.249185786870207],[98.64109122918897,8.249179006878355]]],[[[98.63868865145548,8.25238050920645],[98.6380730683753,8.252090049214312],[98.63854635271684,8.2527931653073],[98.63868865145548,8.25238050920645]]],[[[98.62145299280978,8.288946094928814],[98.62790268971328,8.26673560021345],[98.63454945922196,8.26964903618856],[98.64073191849215,8.25046663127952],[98.63802955877905,8.256005660817449],[98.62365749518585,8.261636943383234],[98.62145299280978,8.288946094928814]]],[[[98.63442156355642,8.274320059308376],[98.633513466454,8.275139499168342],[98.63449467777218,8.275094351111369],[98.63442156355642,8.274320059308376]]],[[[98.62922276246684,8.27812812738379],[98.62975375895749,8.278917325688065],[98.62989552450843,8.27853162748123],[98.62922276246684,8.27812812738379]]],[[[98.61720059487041,8.293882325091953],[98.61831278899983,8.291018081149417],[98.61667925847723,8.29385319160814],[98.61720059487041,8.293882325091953]]],[[[98.61873342826956,8.350429205614534],[98.61672627761386,8.350596120024635],[98.61667028072316,8.353008291825047],[98.61873342826956,8.350429205614534]]],[[[99.06121468981968,7.215531634334599],[99.06625899378122,7.209608726770893],[99.05910312577278,7.19609683096148],[99.05239456626526,7.204778709888306],[99.06121468981968,7.215531634334599]]],[[[99.08265638886644,7.221481331189085],[99.06530566333542,7.216131442470316],[99.06059197456412,7.220226747927308],[99.07679618183914,7.229422610309216],[99.08265638886644,7.221481331189085]]],[[[99.1124553929261,7.489297881504777],[99.11362616616978,7.48830637995214],[99.11231581315195,7.48835109899411],[99.1124553929261,7.489297881504777]]],[[[99.11710023404632,7.493514033625066],[99.12035258988101,7.499202813448099],[99.12155215488158,7.495139928136876],[99.11710023404632,7.493514033625066]]],[[[99.11708982922445,7.541793828159687],[99.13715135675719,7.533877570554589],[99.13520749800733,7.524144221109597],[99.11708982922445,7.541793828159687]]],[[[99.08713624841822,7.5447635815266585],[99.08658870501634,7.544957461746185],[99.08709339004261,7.545182597660713],[99.08713624841822,7.5447635815266585]]],[[[99.08911859773414,7.5455747239043856],[99.08916173881988,7.545987893594463],[99.08936143421074,7.5458666698088175],[99.08911859773414,7.5455747239043856]]],[[[99.09014517685175,7.5518836377221215],[99.08881319870267,7.551324005819063],[99.08892010217787,7.5516393925427385],[99.09014517685175,7.5518836377221215]]],[[[99.14441788607286,7.558040462238124],[99.14354948084156,7.563389136125705],[99.14633564266427,7.5605692952516526],[99.14441788607286,7.558040462238124]]],[[[99.09621051760084,7.563631279837105],[99.09597154958607,7.564740592811015],[99.0970408360925,7.564122539408948],[99.09621051760084,7.563631279837105]]],[[[99.14292133994161,7.571876269680104],[99.14023725367544,7.579204996901409],[99.14078851038548,7.579851956062357],[99.14292133994161,7.571876269680104]]],[[[99.07163272634483,7.686493208104875],[99.09340057802356,7.679099531809737],[99.11027517958148,7.685950501805184],[99.13046639241644,7.649141151309767],[99.11744099367799,7.624714252807147],[99.12497303179478,7.609964226219788],[99.12031901592906,7.587714276961953],[99.1119755098545,7.6019047874738765],[99.09605855627922,7.593795415562177],[99.0911887041984,7.603048312713348],[99.08839224050195,7.595017105405058],[99.08017837567594,7.59790835968368],[99.07622605720893,7.580189452033391],[99.08044723592455,7.549282160044479],[99.11036125200303,7.496582238372639],[99.09822035850381,7.467276578053177],[99.06724475274329,7.49891063558508],[99.03515369857116,7.564073239434679],[99.02710915439914,7.622099523174663],[99.03212852829577,7.630182493490294],[99.02649662100143,7.643013343317034],[99.01856727072214,7.643812549014681],[99.01799924425025,7.651085577218158],[99.02450748120127,7.6445292587259255],[99.0387966324323,7.655813011598163],[99.04016075744352,7.684788939144743],[99.07163272634483,7.686493208104875]]],[[[99.14067621857848,7.592579129450464],[99.149155553885,7.588214244413853],[99.14679940091662,7.58199411345086],[99.14067621857848,7.592579129450464]]],[[[99.14878226524881,7.618315547020124],[99.1512013140854,7.608951814952295],[99.14947972916283,7.608253048669863],[99.14878226524881,7.618315547020124]]],[[[98.8622341134321,7.61612129119157],[98.86582374713129,7.61587333906507],[98.86496162453854,7.611536026162154],[98.8622341134321,7.61612129119157]]],[[[99.13843708879192,7.6399135777307325],[99.1500094794496,7.628148632574229],[99.14540041775685,7.615119608669515],[99.13843708879192,7.6399135777307325]]],[[[99.13771530965171,7.6637362527030835],[99.13716217102139,7.662242864664124],[99.136903743563,7.6636248417235775],[99.13771530965171,7.6637362527030835]]],[[[99.12791293206297,7.67337955730549],[99.12701728759343,7.672863362764278],[99.1274722906568,7.673735637128238],[99.12791293206297,7.67337955730549]]],[[[99.10213401139606,7.689107175025844],[99.10301213718976,7.6906410009599915],[99.10302127228307,7.689427635737758],[99.10213401139606,7.689107175025844]]],[[[99.11420369857818,7.6882692744003345],[99.11177341157527,7.688655453169644],[99.11232943140833,7.692852497928029],[99.11420369857818,7.6882692744003345]]],[[[99.12308871458794,7.693946335882792],[99.12422452966013,7.694639785639792],[99.12363374987999,7.693374055317963],[99.12308871458794,7.693946335882792]]],[[[99.1215022194935,7.70070539271851],[99.11353737872902,7.705605701397127],[99.11328469028406,7.7151629662205465],[99.1215022194935,7.70070539271851]]],[[[99.11671419158006,7.719497161212199],[99.11632290599421,7.722286261542396],[99.11749963770781,7.722548263703317],[99.11671419158006,7.719497161212199]]],[[[99.12217135027609,7.7372485996632046],[99.13098222953427,7.7348252699555236],[99.13064056751512,7.732690868222887],[99.12217135027609,7.7372485996632046]]],[[[99.14687642802306,7.737842700777331],[99.14715794922448,7.738698077763333],[99.14806913467444,7.737531327519117],[99.14687642802306,7.737842700777331]]],[[[99.12166303919311,7.737423543902527],[99.12124814159924,7.739704242357497],[99.12180663389199,7.740299376295778],[99.12166303919311,7.737423543902527]]],[[[99.14067584864209,7.740165593124635],[99.14157169990307,7.74074372460706],[99.14156289991885,7.739429204401752],[99.14067584864209,7.740165593124635]]],[[[99.15190613815231,7.740054885980534],[99.1532271438584,7.740760029914788],[99.15220776220521,7.739565741568232],[99.15190613815231,7.740054885980534]]],[[[99.12570651785511,7.741560468466978],[99.1251300559084,7.742367570978834],[99.12616465343628,7.741651071832351],[99.12570651785511,7.741560468466978]]],[[[99.13487071917883,7.743056693985855],[99.13534425909461,7.742084782543101],[99.1350378571735,7.741978943475935],[99.13487071917883,7.743056693985855]]],[[[99.12365167503107,7.742763140438047],[99.121751374576,7.741407524381641],[99.12321729626643,7.744176656230477],[99.12365167503107,7.742763140438047]]],[[[99.1349303397366,7.743290542913154],[99.13358991172386,7.7447157320858375],[99.13477214124751,7.745712697767532],[99.1349303397366,7.743290542913154]]],[[[99.12932144429877,7.743605914369352],[99.12532453209622,7.7446758498983215],[99.12577526360796,7.7499571805641665],[99.12932144429877,7.743605914369352]]],[[[99.13802289954563,7.746637005390094],[99.13578225992856,7.747905673098465],[99.1364626224079,7.750503608767201],[99.13802289954563,7.746637005390094]]],[[[99.13486176708729,7.749340097964013],[99.12851808893004,7.751531506193521],[99.13028145521133,7.754184113884866],[99.12984402532362,7.75818066309794],[99.13486176708729,7.749340097964013]]],[[[99.12820667902398,7.751703562170753],[99.12836961328105,7.755975702800056],[99.12894044432316,7.7564376275288085],[99.12820667902398,7.751703562170753]]],[[[98.9823382829842,7.778425436426397],[98.98477218632546,7.776563063109927],[98.9823034500161,7.775418966715571],[98.9823382829842,7.778425436426397]]],[[[99.02637592009143,7.792151553719045],[99.02377519643133,7.795247097490521],[99.02554977182776,7.795249243816181],[99.02637592009143,7.792151553719045]]],[[[98.99852158496353,7.796769729446932],[98.99321132006328,7.801395374062667],[98.9956306993916,7.80430024653705],[98.99852158496353,7.796769729446932]]],[[[98.99116709483353,7.80508536453349],[98.98955238268125,7.809234547058447],[98.99412145817497,7.805602166069745],[98.99116709483353,7.80508536453349]]],[[[98.79809286338805,7.819294019369333],[98.79878814632876,7.8113376873592975],[98.79485349515481,7.80855096964528],[98.78883732952328,7.820111676464246],[98.79809286338805,7.819294019369333]]],[[[98.93900052610473,7.853454554802732],[98.97450491705838,7.851203006355149],[98.98360035016792,7.803313903400401],[98.99265055006103,7.795541824570281],[98.98731861016462,7.782296441942666],[98.95978117194758,7.821912656577621],[98.93541304366339,7.837351062436434],[98.93900052610473,7.853454554802732]]],[[[99.0213797923729,7.825317307171394],[99.01881111067742,7.8294773465826655],[99.02132676038914,7.828040104614955],[99.0213797923729,7.825317307171394]]],[[[99.01701301229176,7.82734037255044],[99.01635376272453,7.828408949629641],[99.01743064698472,7.828925628945483],[99.01701301229176,7.82734037255044]]],[[[98.994037949869,7.818619449065264],[98.98215170426897,7.831214175953361],[98.99152792806306,7.8431982529294135],[98.994037949869,7.818619449065264]]],[[[99.01607650428163,7.834632355918086],[99.02125333192936,7.830615813604673],[99.01484025837601,7.83016487317393],[99.01607650428163,7.834632355918086]]],[[[99.03000503801056,7.835315032139371],[99.03014609286735,7.836085121268722],[99.0303122971537,7.835209861103997],[99.03000503801056,7.835315032139371]]],[[[98.98329595938975,7.84365814220383],[98.98383057155297,7.848552514873456],[98.98640982744519,7.846423998959565],[98.98329595938975,7.84365814220383]]],[[[99.05422881387054,7.85706187241584],[99.05642888342845,7.852779829387577],[99.04940813921682,7.854288840156282],[99.05422881387054,7.85706187241584]]],[[[99.04171937730311,7.8565521379969185],[99.04109642306973,7.858484698815636],[99.04210478570737,7.858939692828864],[99.04171937730311,7.8565521379969185]]],[[[99.02414790063695,7.881822588188315],[99.0397481152256,7.8598528897277635],[99.03094992011081,7.840523020112224],[99.01547882253831,7.8362746558244245],[99.00258629685936,7.873905095319955],[99.00737964888218,7.884117984004689],[99.02414790063695,7.881822588188315]]],[[[99.04396699802832,7.866183304341271],[99.04677757298211,7.8702807226677525],[99.04937796478319,7.868756189236244],[99.04396699802832,7.866183304341271]]],[[[99.05132132203241,7.875163821847143],[99.05106201821634,7.875518946851366],[99.05125847338273,7.875601905451605],[99.05132132203241,7.875163821847143]]],[[[99.0469557594844,7.879655441527028],[99.04263992401225,7.876557682841274],[99.03947509134245,7.8784180450422925],[99.0469557594844,7.879655441527028]]],[[[99.05051555849903,7.881434611510078],[99.05032766847107,7.880715548535567],[99.04952405732087,7.881381181703069],[99.05051555849903,7.881434611510078]]],[[[98.94919892293969,7.881892081833158],[98.94621667716575,7.884905010967208],[98.94738644427218,7.886589852775162],[98.94919892293969,7.881892081833158]]],[[[99.01454539789141,7.8854197772778925],[99.01670022039364,7.887122068546487],[99.01710850507182,7.885804135754267],[99.01454539789141,7.8854197772778925]]],[[[99.05648587678432,7.89465815414535],[99.04988966736758,7.881942143864529],[99.04425098450056,7.882913833551819],[99.05648587678432,7.89465815414535]]],[[[98.9894200354776,7.926238754442109],[99.00113387381764,7.8981122123802505],[98.99188114693816,7.881575538464122],[98.99072816872219,7.849985814526166],[98.96738038940497,7.92310597528158],[98.9894200354776,7.926238754442109]]],[[[99.01199596585498,7.911191554783595],[99.00267650282785,7.906426286297897],[98.99630991025255,7.924861354414865],[99.01199596585498,7.911191554783595]]],[[[98.80354499732474,7.926572797781235],[98.80291557307119,7.925691604831959],[98.80257225026875,7.925996778873408],[98.80354499732474,7.926572797781235]]],[[[98.80422401278553,7.929975509974716],[98.80577659791062,7.9292163838519665],[98.80471229490824,7.928720476863211],[98.80422401278553,7.929975509974716]]],[[[98.7967065936226,7.9488123941321565],[98.7982838094583,7.9468322429763045],[98.79768283425149,7.94656227674834],[98.7967065936226,7.9488123941321565]]],[[[98.81044487770666,7.949464801407086],[98.81108694360631,7.9481415800568405],[98.8101100960618,7.948175818175705],[98.81044487770666,7.949464801407086]]],[[[98.7924974433719,7.9498887061093955],[98.79247900941414,7.951101462093341],[98.79368207119771,7.951226447086315],[98.7924974433719,7.9498887061093955]]],[[[98.80947091077118,7.958132212994971],[98.80782882677867,7.94856821028862],[98.80295020637887,7.953427646032282],[98.80947091077118,7.958132212994971]]],[[[98.79027707028668,7.955114421683851],[98.78954508371982,7.955679320035955],[98.79025275521332,7.95571626720542],[98.79027707028668,7.955114421683851]]],[[[98.81250431581834,7.961145424669211],[98.81046060400213,7.959288114180665],[98.81165464892788,7.961046727710622],[98.81250431581834,7.961145424669211]]],[[[98.81022311403937,7.960548852138849],[98.80957737547419,7.961414854193232],[98.81079768998958,7.961009490027647],[98.81022311403937,7.960548852138849]]],[[[98.81183361518711,7.975175586700714],[98.80768532808271,7.967665237513545],[98.80456491467464,7.971363757416736],[98.81183361518711,7.975175586700714]]],[[[98.80936916003655,7.976601874047125],[98.80789369835091,7.9784060755283654],[98.80971810412711,7.976771646974775],[98.80936916003655,7.976601874047125]]],[[[98.82256670499302,7.993921181661742],[98.82128131274678,7.993907431342885],[98.82251651886575,7.9944372438095685],[98.82256670499302,7.993921181661742]]],[[[98.83499754739304,8.003639950680672],[98.83411059975145,8.004055863519165],[98.83525055757207,8.004828710329821],[98.83499754739304,8.003639950680672]]],[[[98.83598802756887,8.00438935666074],[98.83615128403838,8.005304528325457],[98.83663937741699,8.004789432206197],[98.83598802756887,8.00438935666074]]],[[[98.9072950769565,8.029358759155636],[98.90553683723124,8.030044228435075],[98.9071710528384,8.031412761948609],[98.9072950769565,8.029358759155636]]],[[[98.7975360838492,8.040527399809383],[98.79843599110784,8.039925782090654],[98.79772456401378,8.03959075697624],[98.7975360838492,8.040527399809383]]],[[[98.79549574954456,8.040097864464261],[98.79587073181192,8.041690627142868],[98.79564361233874,8.039897246831268],[98.79549574954456,8.040097864464261]]],[[[98.79706489633378,8.04298924148101],[98.79733394080111,8.042092759100157],[98.79694455915349,8.042012275556784],[98.79706489633378,8.04298924148101]]],[[[98.79323857403607,8.043401731482012],[98.79397693399403,8.04368309749032],[98.7938427904111,8.043148208143851],[98.79323857403607,8.043401731482012]]],[[[99.16310018942987,10.132240430528547],[99.16259420270964,10.130852313730138],[99.16243105696167,10.13339108066787],[99.16310018942987,10.132240430528547]]],[[[99.16532839434608,10.360043088224137],[99.162773294949,10.35999636449097],[99.16409095578085,10.362329561940776],[99.16532839434608,10.360043088224137]]],[[[99.36555789799984,6.48511174182484],[99.36677476592328,6.485703967012048],[99.36608261534826,6.483743156182167],[99.36555789799984,6.48511174182484]]],[[[99.33429402432168,6.486856037820047],[99.33427660357754,6.488748369062116],[99.33568102314739,6.488357314064933],[99.33429402432168,6.486856037820047]]],[[[99.31241560686969,6.481473983199664],[99.30135543238922,6.485668456672111],[99.28315104383734,6.482504878821121],[99.3048016002119,6.49937631983441],[99.31321813626799,6.496829249830796],[99.31241560686969,6.481473983199664]]],[[[99.17760760086084,6.494021365480746],[99.17909371737014,6.49573611541849],[99.1775618741651,6.493326320099551],[99.17760760086084,6.494021365480746]]],[[[99.1795393684646,6.498450772097442],[99.17939331852902,6.499705296294842],[99.18011035763851,6.4991622128348],[99.1795393684646,6.498450772097442]]],[[[99.31871182909542,6.498328019364521],[99.31841911286243,6.500239200011326],[99.31979446069438,6.500271682611296],[99.31871182909542,6.498328019364521]]],[[[99.18181359162718,6.50101564280436],[99.18035152435444,6.501140548212776],[99.18189851363508,6.501354871950964],[99.18181359162718,6.50101564280436]]],[[[99.18177378627436,6.502723691837309],[99.18342664842399,6.503391387782109],[99.18152192060147,6.501927739594902],[99.18177378627436,6.502723691837309]]],[[[99.179992130025,6.506930900281524],[99.17735458042557,6.502942254074972],[99.17648186172157,6.5031491199263805],[99.179992130025,6.506930900281524]]],[[[99.1739281300557,6.506187819306632],[99.17297415375998,6.5077130940159815],[99.17393936706621,6.508060037353784],[99.1739281300557,6.506187819306632]]],[[[99.17337932504888,6.5118197540612375],[99.17304565513912,6.5133376238961045],[99.17423639809088,6.5134324907608905],[99.17337932504888,6.5118197540612375]]],[[[99.27033496652702,6.514374585620142],[99.2705856086787,6.513724842174728],[99.26976189911436,6.513574329684091],[99.27033496652702,6.514374585620142]]],[[[99.25904060012695,6.51266232212789],[99.26075918209649,6.515041127667676],[99.2626808319863,6.5154036606590156],[99.25904060012695,6.51266232212789]]],[[[99.1742212040172,6.514041248114753],[99.17532985974758,6.5151258602895465],[99.17555251594166,6.51406228419548],[99.1742212040172,6.514041248114753]]],[[[99.18696311879815,6.519304921482835],[99.1867073131791,6.5205183698682925],[99.18730910077498,6.5205363882357945],[99.18696311879815,6.519304921482835]]],[[[99.26876359646192,6.52424021340237],[99.27059896491257,6.524956718499423],[99.26946946096581,6.523803387689747],[99.26876359646192,6.52424021340237]]],[[[99.15830110333118,6.541752240067473],[99.17808763780599,6.523700540594797],[99.18500873016819,6.521263841235405],[99.1756111070243,6.51628985839635],[99.15843684062574,6.522189553854104],[99.15365054268077,6.533639217707876],[99.15830110333118,6.541752240067473]]],[[[99.16527115477894,6.540651175333923],[99.16347824366744,6.540960164515464],[99.16441666090205,6.541730731809406],[99.16527115477894,6.540651175333923]]],[[[99.27555197087979,6.576336407150378],[99.31584073453793,6.564469534983439],[99.31389954891252,6.556466720990206],[99.32561991679806,6.5517968868170415],[99.32305608596883,6.523228490808703],[99.3127091986473,6.508980918917041],[99.28593548443334,6.507552498867042],[99.27555197087979,6.576336407150378]]],[[[99.25940326449106,6.544973973599385],[99.26152444193649,6.540385847299012],[99.25487298336553,6.542968872350927],[99.25940326449106,6.544973973599385]]],[[[99.35029786623062,6.550668527297269],[99.35101657485663,6.550908906831886],[99.3509923536388,6.5502321535126065],[99.35029786623062,6.550668527297269]]],[[[99.34534644888926,6.552984237768011],[99.34585380305967,6.55422401300481],[99.34580039796556,6.552850724292089],[99.34534644888926,6.552984237768011]]],[[[99.25182679328081,6.5787739640700975],[99.25739073182677,6.556024180341511],[99.22126948569773,6.539083929444514],[99.19134165444096,6.546706211538647],[99.17220477126062,6.541101719242724],[99.16459203782972,6.547607872938277],[99.1671651684207,6.552820795625759],[99.18259337122342,6.5475651541291535],[99.19347192078203,6.577287671815704],[99.25182679328081,6.5787739640700975]]],[[[99.3465951495015,6.556656202867199],[99.34096136356723,6.5688959857035],[99.34264365389262,6.571906586896266],[99.35147981970799,6.560932154315461],[99.3465951495015,6.556656202867199]]],[[[99.29177269919752,6.578129935830894],[99.29062713496698,6.578110070205978],[99.29054105262662,6.578480888925746],[99.29177269919752,6.578129935830894]]],[[[99.39850979153523,7.066994005527063],[99.39783543191692,7.06594357852825],[99.39824298012569,7.067348710180225],[99.39850979153523,7.066994005527063]]],[[[99.39255692293489,7.074596972863944],[99.39456367254438,7.076493771235522],[99.39460099909243,7.073803160759932],[99.39255692293489,7.074596972863944]]],[[[99.35826260458101,7.222888107187707],[99.35985921807853,7.223481135501028],[99.35925478597063,7.222283674716669],[99.35826260458101,7.222888107187707]]],[[[99.3989546526489,7.2632793583235244],[99.42961629224234,7.266979585030898],[99.45072311558822,7.255470378799164],[99.409581438664,7.240571020705289],[99.3929483441185,7.22529941711093],[99.39430640913334,7.210827947396801],[99.38093534248193,7.207295604254587],[99.36508687270623,7.223197930969844],[99.36835200581228,7.266589639444984],[99.38499278401828,7.281437946104085],[99.3989546526489,7.2632793583235244]]],[[[99.39470918464848,7.303617601608751],[99.39621964627271,7.302165105124177],[99.3939151426386,7.303189468728271],[99.39470918464848,7.303617601608751]]],[[[99.24766008907349,7.333472388640628],[99.25957516613374,7.308603540773947],[99.25475855865221,7.298107135400123],[99.24766008907349,7.333472388640628]]],[[[99.2940641462062,7.388848732180771],[99.31471379118076,7.374340114591996],[99.30123502297981,7.353030385482309],[99.28335034633018,7.366462876064285],[99.28797807660972,7.376134737905115],[99.28073517083634,7.387687801758952],[99.2940641462062,7.388848732180771]]],[[[99.24959333628057,7.377883560586804],[99.24529062664779,7.380418201075062],[99.24780721176155,7.382147419192747],[99.24959333628057,7.377883560586804]]],[[[99.23211315505782,7.405034658246752],[99.23424240921354,7.4031714171486325],[99.23374772644836,7.40277866617195],[99.23211315505782,7.405034658246752]]],[[[99.23029220496885,7.40698341228003],[99.23188086583227,7.4048884871453895],[99.22992240502333,7.404967215354892],[99.23029220496885,7.40698341228003]]],[[[99.21617955492806,7.405426420815199],[99.19643686273635,7.398401987703378],[99.19963391339398,7.435116373855351],[99.20820569684103,7.423981845290773],[99.21617955492806,7.405426420815199]]],[[[99.22436554467023,7.416431790764888],[99.22267164973934,7.417144948492024],[99.22302253182745,7.417840420248783],[99.22436554467023,7.416431790764888]]],[[[99.30409194678573,7.4978655702592505],[99.30110573221486,7.4909349057236865],[99.29781752764866,7.495368365153575],[99.30409194678573,7.4978655702592505]]],[[[99.28212124234358,7.545276808153616],[99.27808236438902,7.547333324538094],[99.27919255478203,7.54972204119783],[99.28212124234358,7.545276808153616]]],[[[99.28456914420195,7.547507708955836],[99.284200966298,7.549386354780751],[99.28526520839355,7.549337893193619],[99.28456914420195,7.547507708955836]]],[[[99.28913631245688,7.560340099732137],[99.28871027083919,7.555693670394761],[99.28689871220463,7.557747132936333],[99.28913631245688,7.560340099732137]]],[[[99.19268262400664,7.648897292102512],[99.19066916076274,7.650889934902171],[99.1921196744684,7.651362659426713],[99.19268262400664,7.648897292102512]]],[[[99.18419967636862,7.675503533267533],[99.18582454602877,7.67692247061099],[99.18409592720539,7.67434227117399],[99.18419967636862,7.675503533267533]]],[[[99.19855616769082,7.686528284994172],[99.20001990344676,7.688907862168297],[99.19929498033261,7.686046273503858],[99.19855616769082,7.686528284994172]]],[[[99.19112974027153,7.685511977723747],[99.18694645660838,7.68874360878962],[99.19262918378475,7.689422208567048],[99.19112974027153,7.685511977723747]]],[[[99.2012409052172,7.689374313033957],[99.20344287110825,7.6882747092799795],[99.20152582842209,7.6864080509861425],[99.2012409052172,7.689374313033957]]],[[[99.20066916716227,7.690329430497747],[99.20183141294464,7.69146912364229],[99.20078998009528,7.690175496924188],[99.20066916716227,7.690329430497747]]],[[[99.20369559980294,7.691899036481088],[99.20457332545526,7.691997058010436],[99.20446939883116,7.691195367087238],[99.20369559980294,7.691899036481088]]],[[[99.19119299611901,10.0524893956467],[99.18348992191473,10.04974394362616],[99.18824285345401,10.057983614854434],[99.19119299611901,10.0524893956467]]],[[[99.1855969639377,10.069695523734561],[99.18429804852593,10.071992424187536],[99.18601647969065,10.07214635493914],[99.1855969639377,10.069695523734561]]],[[[99.21594922818993,10.118600034751404],[99.21581891276149,10.117336135806799],[99.215523089616,10.117318257915827],[99.21594922818993,10.118600034751404]]],[[[99.16547708255521,10.131035327212025],[99.1648803744447,10.130375722771896],[99.164929340863,10.131220054435449],[99.16547708255521,10.131035327212025]]],[[[99.17722152908824,10.146310832875924],[99.17986826054813,10.141598158176896],[99.17643385157595,10.140416837113781],[99.17722152908824,10.146310832875924]]],[[[99.20375992779353,10.148879779305132],[99.20454823069193,10.15086451867531],[99.20504375914354,10.149080213033383],[99.20375992779353,10.148879779305132]]],[[[99.21883973190408,10.153278130845653],[99.2177368147247,10.157014230678191],[99.21848815012872,10.157322364774814],[99.21883973190408,10.153278130845653]]],[[[99.17636201794728,10.164832802333384],[99.17649877637491,10.164133395109081],[99.17608494994414,10.164712473006404],[99.17636201794728,10.164832802333384]]],[[[99.22063190426549,10.19659203783279],[99.2215144889402,10.197168032164798],[99.22090381670898,10.196213099804398],[99.22063190426549,10.19659203783279]]],[[[99.24819987369678,10.199519610903225],[99.24933047966135,10.201963012591102],[99.24897763053205,10.198053814127563],[99.24819987369678,10.199519610903225]]],[[[99.24983706990382,10.206608547764981],[99.24838836325013,10.20903556967412],[99.24973634226367,10.208747149410057],[99.24983706990382,10.206608547764981]]],[[[99.23376448402652,10.221350023896699],[99.23327253150413,10.220995491045368],[99.23318372464337,10.221191352806425],[99.23376448402652,10.221350023896699]]],[[[99.24882580864895,10.246076079667723],[99.24972398644384,10.247763610144128],[99.25000760986146,10.246281465145644],[99.24882580864895,10.246076079667723]]],[[[99.22520848629347,10.24716146913599],[99.22203175266816,10.246170687202044],[99.2247131388311,10.249573299303833],[99.22520848629347,10.24716146913599]]],[[[99.25530235411678,10.24999755102349],[99.25411530608896,10.258214863400571],[99.26056167826707,10.259172418453446],[99.26077851820091,10.253261182243278],[99.25530235411678,10.24999755102349]]],[[[99.22776094982652,10.255932854945039],[99.22603102266994,10.256074391811797],[99.22770468454044,10.257195859629155],[99.22776094982652,10.255932854945039]]],[[[99.23269993116831,10.271183970496704],[99.23546843360288,10.271077378722294],[99.23297080880265,10.269453069051174],[99.23269993116831,10.271183970496704]]],[[[99.24216366655178,10.290462040744952],[99.24115983019475,10.290878603278266],[99.2413499736518,10.2914596019941],[99.24216366655178,10.290462040744952]]],[[[99.24657408018945,10.296896700461593],[99.2484737369004,10.293856954584465],[99.24420946152499,10.29676948120839],[99.24657408018945,10.296896700461593]]],[[[99.29961524090494,10.321140040555752],[99.30183895879135,10.319638908479654],[99.30027933848368,10.316781166150665],[99.29961524090494,10.321140040555752]]],[[[99.28392177245088,10.325266758970974],[99.28228519938068,10.325530273353243],[99.28357049089537,10.328695734542377],[99.28392177245088,10.325266758970974]]],[[[99.29495180213192,10.348009860471947],[99.29420326027838,10.34934480178252],[99.29522410932294,10.3498215263105],[99.29495180213192,10.348009860471947]]],[[[99.30914264699928,10.36102258728459],[99.30920185955338,10.363994972120903],[99.31105968700203,10.36462061476433],[99.30914264699928,10.36102258728459]]],[[[99.32046541365162,10.37679172941427],[99.32207806546859,10.373523767752058],[99.32076358141799,10.373344225727694],[99.32046541365162,10.37679172941427]]],[[[99.32748370653346,10.380104785210701],[99.32739637205528,10.380915729742258],[99.32842725233233,10.38152798503039],[99.32748370653346,10.380104785210701]]],[[[99.29438054008675,10.391682441748578],[99.29281501584703,10.39190234351833],[99.29355150645361,10.392879577795192],[99.29438054008675,10.391682441748578]]],[[[99.35800523888744,10.40923767743377],[99.35156443513003,10.395750950264294],[99.34135126595312,10.389837741881859],[99.33941969852707,10.39057982864649],[99.35800523888744,10.40923767743377]]],[[[99.31293591785955,10.423511139457323],[99.31612054328285,10.426026586624358],[99.31756619966163,10.425912906837263],[99.31293591785955,10.423511139457323]]],[[[99.29811731205767,10.452718848324741],[99.29711411195579,10.433675857168227],[99.28746906962176,10.436416404904152],[99.29811731205767,10.452718848324741]]],[[[99.25427387404045,10.447423592687477],[99.25323213159604,10.44899883449279],[99.25440048865795,10.449853223813005],[99.25427387404045,10.447423592687477]]],[[[99.35793914562632,10.46528690082251],[99.35999869177239,10.46688089483522],[99.35971568838343,10.464635985558937],[99.35793914562632,10.46528690082251]]],[[[99.36909835262414,10.47769299594979],[99.36957460175114,10.47668174707651],[99.36931936482816,10.476738575435535],[99.36909835262414,10.47769299594979]]],[[[99.37594358936435,10.554908565085563],[99.38005301019528,10.560260032889834],[99.38094671869405,10.560928204558593],[99.37940385823585,10.55592301576108],[99.37594358936435,10.554908565085563]]],[[[99.45677572664962,6.575881616712545],[99.45306269853988,6.565477085813611],[99.44340045454126,6.555957546157075],[99.45003764275152,6.57503741354093],[99.45677572664962,6.575881616712545]]],[[[99.46798070566497,6.5688821784926725],[99.46886676450355,6.570856777549097],[99.46911549467868,6.572052285237393],[99.46974843113631,6.570586245278772],[99.46798070566497,6.5688821784926725]]],[[[99.45837721105356,6.580036206930393],[99.45064608901403,6.585845038500937],[99.45475678379151,6.588269042793651],[99.45837721105356,6.580036206930393]]],[[[99.64707181978088,6.740188711243034],[99.68415355443864,6.6850136421968385],[99.67727980209571,6.617223900978171],[99.69251704102807,6.604834851834776],[99.69087859491346,6.567599964746552],[99.69857485272826,6.54930599436393],[99.69329803410247,6.5293819437661655],[99.67753375761346,6.539659412444165],[99.6669931728978,6.531432384715477],[99.673467890933,6.511919744462926],[99.65433923607256,6.503497925537118],[99.6392504424716,6.546847120860916],[99.62404661500786,6.566876937583323],[99.61376892362726,6.5664226380377295],[99.59564262855535,6.598117566576242],[99.59961669031927,6.6118147816111685],[99.6126092172904,6.618310134747261],[99.61875099378902,6.645952317366295],[99.61417477363632,6.66072166284107],[99.62680611318561,6.663037304864501],[99.63992478789591,6.678253309849124],[99.6416646838059,6.73876379347219],[99.64707181978088,6.740188711243034]]],[[[99.67248505244658,6.708754481216869],[99.66978645501584,6.710745970074778],[99.67146180498099,6.712252005748379],[99.67248505244658,6.708754481216869]]],[[[99.66090572397252,6.726855129513082],[99.65790401562946,6.7335919002122235],[99.66298518684987,6.7269111161712605],[99.66090572397252,6.726855129513082]]],[[[99.52933370658027,6.796968769839104],[99.52507053356274,6.794653739885758],[99.52529594564837,6.79701951795792],[99.52933370658027,6.796968769839104]]],[[[99.50457233842394,6.799840077443156],[99.5069496838039,6.800454391577615],[99.50502572722284,6.799074678880371],[99.50457233842394,6.799840077443156]]],[[[99.67278537527977,6.812691675021107],[99.67319990419573,6.81428759513401],[99.67338210863893,6.812707219632466],[99.67278537527977,6.812691675021107]]],[[[99.6656919982698,6.815071944900005],[99.66705569431214,6.813848961576388],[99.66669587039404,6.813382474967949],[99.6656919982698,6.815071944900005]]],[[[99.54131560079175,6.833977957958544],[99.53752595496199,6.8244627013181995],[99.52456030612878,6.828444084077823],[99.52799654898106,6.834113707638185],[99.54131560079175,6.833977957958544]]],[[[99.59095335388712,6.830592549483474],[99.58521603205456,6.8328807342742754],[99.59068195471654,6.833457507225649],[99.59095335388712,6.830592549483474]]],[[[99.53883320209451,6.844229520442622],[99.54032969297732,6.84404466054742],[99.54027587328004,6.843459015529679],[99.53883320209451,6.844229520442622]]],[[[99.59351800870603,6.851290836675812],[99.590257775443,6.859744598922446],[99.59698409552459,6.853779774461642],[99.59351800870603,6.851290836675812]]],[[[99.5705710679009,6.893234515173195],[99.5694892871336,6.896910002559198],[99.57128331177402,6.893239290223556],[99.5705710679009,6.893234515173195]]],[[[99.54726515424211,6.908791481472994],[99.54829291776296,6.908132237796761],[99.54802023674223,6.907660479863125],[99.54726515424211,6.908791481472994]]],[[[99.54761197482702,6.910285310484341],[99.54635204851957,6.911241082512061],[99.54701711715148,6.911497561665846],[99.54761197482702,6.910285310484341]]],[[[99.5444316433923,6.912950076705467],[99.54557067412519,6.914609251008102],[99.5461131696617,6.912604983636594],[99.5444316433923,6.912950076705467]]],[[[99.47742653054993,6.973123550799215],[99.47400093215005,6.977228165586646],[99.47620582315238,6.978254319406534],[99.47742653054993,6.973123550799215]]],[[[99.5772724170015,6.979291913759602],[99.58416557432953,6.976621625876738],[99.57544517373249,6.978025437975712],[99.5772724170015,6.979291913759602]]],[[[99.44504467066864,7.015859783320842],[99.44496352318313,7.015032174888906],[99.44460615928904,7.015284087684266],[99.44504467066864,7.015859783320842]]],[[[99.44889218372981,7.032576660201459],[99.44817336616524,7.032438804866574],[99.44851450834605,7.0329297854678225],[99.44889218372981,7.032576660201459]]],[[[99.47540516420848,7.021445156767361],[99.4696925078553,7.048870806910936],[99.47030650460921,7.050541943620111],[99.47540516420848,7.021445156767361]]],[[[99.45112645382127,7.074835644053179],[99.45193437716125,7.073996458127457],[99.45108002154561,7.074226223082131],[99.45112645382127,7.074835644053179]]],[[[99.55637116800823,7.126318473992215],[99.5972326069891,7.1035918615165485],[99.61582319353437,7.080972473163285],[99.565602215158,7.0933178703503135],[99.55637116800823,7.126318473992215]]],[[[99.43089196729362,7.109815773587419],[99.42616292045126,7.109340478706626],[99.42698691137612,7.113290313548704],[99.43089196729362,7.109815773587419]]],[[[99.57905621197317,7.119680194353042],[99.58012788464289,7.118959687901685],[99.57965153487906,7.1185930984822265],[99.57905621197317,7.119680194353042]]],[[[99.42701663030071,7.118233077888284],[99.42218135855396,7.120947124550683],[99.42250888563966,7.12481377919641],[99.42701663030071,7.118233077888284]]],[[[99.5840146623219,7.132547005809187],[99.57890804702528,7.132413021539728],[99.58412646737187,7.13445524450162],[99.5840146623219,7.132547005809187]]],[[[99.63935590434062,7.143362555007168],[99.6384848341494,7.14335361716472],[99.63929959733478,7.144131563671851],[99.63935590434062,7.143362555007168]]],[[[99.63113272010241,7.142987679144139],[99.63120643942867,7.1443157321393915],[99.63168644722417,7.144949230623679],[99.63144606806416,7.144345303608472],[99.63122871115412,7.1430832677540375],[99.63113272010241,7.142987679144139]]],[[[99.65190827148113,7.1480613086344755],[99.64994602386773,7.153686021229271],[99.65122259419807,7.155047238872134],[99.65190827148113,7.1480613086344755]]],[[[99.47587644146222,7.271203654713714],[99.4745978332184,7.272057615584193],[99.47541912834981,7.2727342506983055],[99.47587644146222,7.271203654713714]]],[[[99.40864420858884,7.311771999083337],[99.40992094609435,7.314893669961416],[99.41057644079078,7.313103442677299],[99.40864420858884,7.311771999083337]]],[[[99.66692157869801,9.378481547603547],[99.6644450824354,9.39854493809144],[99.67236490162301,9.40540252606253],[99.67621904415716,9.390331247049321],[99.66692157869801,9.378481547603547]]],[[[99.67075908819024,9.407458649438304],[99.67166314720768,9.408400366851236],[99.67146520141546,9.40729619456015],[99.67075908819024,9.407458649438304]]],[[[99.67245263546941,9.411321883662207],[99.67375003136223,9.411952518792138],[99.67234795083425,9.410470806417313],[99.67245263546941,9.411321883662207]]],[[[99.6712967440522,9.425008198830481],[99.6725026735307,9.433945679667397],[99.67569320259268,9.426752123979625],[99.6712967440522,9.425008198830481]]],[[[99.6497128817782,9.448839895419097],[99.65362420742727,9.444079264923536],[99.65247610198848,9.442056031492049],[99.6497128817782,9.448839895419097]]],[[[99.66979862477493,9.47333784813297],[99.68021793822189,9.462211004506667],[99.6669659321635,9.467316593824105],[99.66979862477493,9.47333784813297]]],[[[99.67442064536822,9.541283142310967],[99.67308415438859,9.542614963258382],[99.67453913290394,9.543828736103237],[99.67442064536822,9.541283142310967]]],[[[99.65931569410711,9.544167489368082],[99.66201946377218,9.554950139904621],[99.66588203356271,9.558063409867728],[99.66578464695803,9.544128143871713],[99.65931569410711,9.544167489368082]]],[[[99.66841298274005,9.55930646810105],[99.66909558169074,9.559981383051106],[99.66868793662219,9.559189256107691],[99.66841298274005,9.55930646810105]]],[[[99.66758456245385,9.642749302595723],[99.68469556153252,9.614804614533645],[99.67567374723886,9.605835064136324],[99.6612533126731,9.638035689566765],[99.66758456245385,9.642749302595723]]],[[[99.67273380902829,9.642419272057566],[99.67615716775856,9.638780806931445],[99.67364805546563,9.638406590717063],[99.67273380902829,9.642419272057566]]],[[[99.67317658470608,9.642816422618239],[99.67297147930807,9.643238296917424],[99.67331027323365,9.643215400151352],[99.67317658470608,9.642816422618239]]],[[[99.66486446565753,9.66147351924709],[99.6756064263874,9.646421345384551],[99.65912380460125,9.654728674283417],[99.66486446565753,9.66147351924709]]],[[[99.65904392794768,9.660838855718113],[99.65865763340939,9.662435559829776],[99.65988598107006,9.662023295289584],[99.65904392794768,9.660838855718113]]],[[[99.667485364566,9.662724354184629],[99.66779910874239,9.663459999526774],[99.66796463039012,9.662856229398555],[99.667485364566,9.662724354184629]]],[[[99.67703644950318,9.662435422463572],[99.67611371439007,9.665249761587178],[99.67689416419361,9.665365823883617],[99.67703644950318,9.662435422463572]]],[[[99.6694455436336,9.666932145857066],[99.66235839990081,9.666156739911184],[99.66373778710337,9.670403245270894],[99.6694455436336,9.666932145857066]]],[[[99.66807424005792,9.675270535687735],[99.66942906223113,9.67212525207918],[99.6674502591914,9.672809416533516],[99.66807424005792,9.675270535687735]]],[[[99.66348513438604,9.675493690449503],[99.66364346435886,9.677915201020268],[99.66422473199741,9.678237814382937],[99.66348513438604,9.675493690449503]]],[[[99.65933498597532,9.677890509854258],[99.65931383402356,9.67706414775533],[99.65890958915337,9.67768048285803],[99.65933498597532,9.677890509854258]]],[[[99.6674324397799,9.682381038740235],[99.6656939735838,9.681490732921883],[99.66617939508323,9.682872285895401],[99.6674324397799,9.682381038740235]]],[[[99.6734497796912,9.687298666148397],[99.67606284917257,9.686880161856033],[99.67595714746626,9.686086438935284],[99.6734497796912,9.687298666148397]]],[[[99.66111319649727,9.697471210522897],[99.66253372931928,9.696267361759261],[99.66084114629821,9.69694737065921],[99.66111319649727,9.697471210522897]]],[[[99.67726191474094,9.703757009996792],[99.6774399163778,9.696715157403187],[99.68002025989102,9.69596737656453],[99.67368429335268,9.692238705535717],[99.67726191474094,9.703757009996792]]],[[[99.66462528229243,9.701894580465236],[99.66225522880637,9.703368497837129],[99.66521083840874,9.703073445930693],[99.66462528229243,9.701894580465236]]],[[[99.67395683060056,9.707664512905422],[99.6752255798201,9.705294331549362],[99.67443190050666,9.705164189875367],[99.67395683060056,9.707664512905422]]],[[[99.6766666306571,9.707294491962214],[99.67597113636162,9.708020377333959],[99.67693069163468,9.70805867856751],[99.6766666306571,9.707294491962214]]],[[[99.67466470129266,9.707889481167383],[99.67422338001496,9.70850617365884],[99.67487886689263,9.708332021907971],[99.67466470129266,9.707889481167383]]],[[[99.66862056028552,9.766771732100644],[99.66777333505772,9.767425719798469],[99.66799345283712,9.767782511565231],[99.66862056028552,9.766771732100644]]],[[[99.66722811145539,9.77092009226384],[99.66793708407548,9.768655398308738],[99.66655643026789,9.769562525336886],[99.66722811145539,9.77092009226384]]],[[[99.67082154856543,9.77231488333627],[99.67153089889369,9.769968763129404],[99.67006929704851,9.769726331192999],[99.67082154856543,9.77231488333627]]],[[[99.67291862019486,9.777697659506364],[99.67119229832929,9.774763964826878],[99.67070441565045,9.77556872745801],[99.67291862019486,9.777697659506364]]],[[[99.67178652945921,9.790024840612276],[99.67364986215105,9.779734530509435],[99.67110950878211,9.778939164000143],[99.67178652945921,9.790024840612276]]],[[[99.4181389793049,10.486604174220139],[99.41724653463754,10.48593379617553],[99.41762606908449,10.487439164305817],[99.4181389793049,10.486604174220139]]],[[[99.4185262181719,10.49341500880078],[99.42227979943996,10.498452128822686],[99.41897807137262,10.492211531869794],[99.4185262181719,10.49341500880078]]],[[[99.42389838178403,10.506368136385587],[99.42523303854874,10.505816904262797],[99.42407264290823,10.505137867109287],[99.42389838178403,10.506368136385587]]],[[[99.4111160335044,10.700292561915262],[99.40896488675642,10.703496075287218],[99.4109467135458,10.704160485395334],[99.4111160335044,10.700292561915262]]],[[[99.52983106338377,10.782086639011307],[99.52978345915427,10.78102182523376],[99.52904144934782,10.781682132109944],[99.52983106338377,10.782086639011307]]],[[[99.53800046203035,10.800143239042695],[99.5383710601048,10.799264183677028],[99.53746802149752,10.799412742377282],[99.53800046203035,10.800143239042695]]],[[[99.49065959940418,10.821605036399045],[99.49265500647908,10.824047070464738],[99.49178959983317,10.820339349001337],[99.49065959940418,10.821605036399045]]],[[[99.49709413721888,10.838427510697423],[99.49784139802892,10.839817037484659],[99.49757283648401,10.838183086126575],[99.49709413721888,10.838427510697423]]],[[[99.49355255372312,10.858698441300675],[99.47750832113725,10.838980586768708],[99.47022036599863,10.836353279961028],[99.48632138380924,10.860354487823708],[99.49355255372312,10.858698441300675]]],[[[99.48611133755115,10.861267161256672],[99.48650543343963,10.861351984780551],[99.48641908114465,10.861003426517588],[99.48611133755115,10.861267161256672]]],[[[99.49005137680074,10.864094702315294],[99.48902232926882,10.865401508591914],[99.4899072840452,10.865218907871432],[99.49005137680074,10.864094702315294]]],[[[99.56250206118065,11.085805333308288],[99.56099236666267,11.070643680991758],[99.54449905447275,11.06797434224729],[99.56250206118065,11.085805333308288]]],[[[99.57852803402521,11.218329415371104],[99.58130243431769,11.216686581627144],[99.58049067268327,11.215544428699625],[99.57852803402521,11.218329415371104]]],[[[99.60547581682195,11.401194074517726],[99.60564749745,11.403815930468959],[99.60631287808116,11.404265278920393],[99.60547581682195,11.401194074517726]]],[[[99.70420808614007,6.524676698983026],[99.70178002973279,6.5184137876933415],[99.6976354464413,6.5200217207499565],[99.70420808614007,6.524676698983026]]],[[[99.6892379811375,6.5242705589434715],[99.69417468876426,6.519066546376095],[99.69350018194572,6.5177276102600965],[99.6892379811375,6.5242705589434715]]],[[[99.70699389423602,6.5489335276593685],[99.70439774918938,6.546708581267432],[99.70431479563989,6.548422844313976],[99.70699389423602,6.5489335276593685]]],[[[99.71791086208944,6.582424870347205],[99.71897521145401,6.581925277713263],[99.71875472406495,6.581513439248676],[99.71791086208944,6.582424870347205]]],[[[99.69920565352896,6.611943767349743],[99.70052172600333,6.609456642651732],[99.70163924312008,6.6064768430017375],[99.69920565352896,6.611943767349743]]],[[[99.68962147878177,6.616007285209776],[99.68852263093963,6.621914402992233],[99.68882329771563,6.622245291784963],[99.68962147878177,6.616007285209776]]],[[[99.69299764383854,6.6381098891931885],[99.69163232553304,6.6418379575671045],[99.69424188258256,6.644003541411134],[99.69299764383854,6.6381098891931885]]],[[[99.8317146745618,6.653783669635714],[99.83398699742897,6.651532178465959],[99.83312001251166,6.650192817688083],[99.8317146745618,6.653783669635714]]],[[[99.69109440060924,6.651816520940952],[99.69166378950892,6.654648676364827],[99.69205392598903,6.651006732574357],[99.69109440060924,6.651816520940952]]],[[[99.87552807875032,6.6550199425377174],[99.87713052878841,6.655406591409894],[99.87708142009774,6.6545016158373524],[99.87552807875032,6.6550199425377174]]],[[[99.6904994128291,6.6577670273619525],[99.69161656070592,6.656462915508826],[99.69128284240475,6.656361640006243],[99.6904994128291,6.6577670273619525]]],[[[99.84803065238131,6.667280972619807],[99.86573139518781,6.666996964384642],[99.84429484988762,6.651404396553854],[99.84803065238131,6.667280972619807]]],[[[99.69030603865835,6.6686756647131435],[99.69022895132822,6.6620973800417955],[99.68876069435534,6.669488520653397],[99.69030603865835,6.6686756647131435]]],[[[99.84974731599696,6.667923249518494],[99.84945401540473,6.668331438608192],[99.85067374194368,6.667991302574968],[99.84974731599696,6.667923249518494]]],[[[99.8435942438471,6.669595911050737],[99.84438475780597,6.672729360397972],[99.84448494017053,6.6696892190682755],[99.8435942438471,6.669595911050737]]],[[[99.83288937810073,6.674014625684177],[99.83310262246499,6.676208991341599],[99.83407910868253,6.675419234383502],[99.83288937810073,6.674014625684177]]],[[[99.86406443447056,6.6909882688249525],[99.86612355335548,6.680587133591302],[99.86258225922971,6.675798157898171],[99.86406443447056,6.6909882688249525]]],[[[99.85775180407455,6.691510654042933],[99.86054215918476,6.695772895268103],[99.86048672309515,6.691541294031009],[99.85775180407455,6.691510654042933]]],[[[99.83881284466436,6.6998830557001545],[99.84070356033247,6.695721388800282],[99.83788921392323,6.6964043554255],[99.83881284466436,6.6998830557001545]]],[[[99.87071925393423,6.703475737130401],[99.87151836016609,6.705251399324846],[99.87131546721871,6.703141605207145],[99.87071925393423,6.703475737130401]]],[[[99.88767450613801,6.70691779206084],[99.87758842490621,6.699885624211585],[99.87380866168036,6.701803435793114],[99.87561511358761,6.7061598344968525],[99.88767450613801,6.70691779206084]]],[[[99.7986348692915,6.705920247623941],[99.79936274991603,6.705638784853633],[99.7989207605866,6.705412800760616],[99.7986348692915,6.705920247623941]]],[[[99.7944975307752,6.710912705212056],[99.7953148139642,6.7103104521875405],[99.79416217349504,6.709828381644497],[99.7944975307752,6.710912705212056]]],[[[99.87537408014474,6.711072994813917],[99.87290149725624,6.717532621438124],[99.88712177859873,6.713045427615252],[99.87537408014474,6.711072994813917]]],[[[99.81749183869157,6.720449775792071],[99.80998556789348,6.7118054994750285],[99.8059934264229,6.71564384632666],[99.81749183869157,6.720449775792071]]],[[[99.85588315499687,6.731514022370063],[99.86679767968204,6.708281773070105],[99.84710113188166,6.703950937424609],[99.8454465248909,6.7257706565549125],[99.85588315499687,6.731514022370063]]],[[[99.70404926672629,6.735531752277722],[99.70775744887138,6.7324922109215075],[99.70493364334241,6.730766375552387],[99.70404926672629,6.735531752277722]]],[[[99.7602273362392,6.784787583399419],[99.7673581352153,6.781634387311887],[99.76114134622252,6.778997254440451],[99.7602273362392,6.784787583399419]]],[[[99.77079700881639,6.77934496663389],[99.76717921092806,6.790082967857438],[99.7702836713069,6.793342127710266],[99.77798497556155,6.785551472275294],[99.77079700881639,6.77934496663389]]],[[[99.76028589523142,6.787777155498488],[99.7607931150351,6.78699394917017],[99.76020403368148,6.787127139092064],[99.76028589523142,6.787777155498488]]],[[[99.68240815956379,6.83233948273269],[99.68301335018391,6.824130217152315],[99.67892219618395,6.811257295426216],[99.67710506414525,6.823067163072922],[99.68240815956379,6.83233948273269]]],[[[99.69671265721959,6.8523225571786375],[99.69797639227974,6.828242925486264],[99.69110864521392,6.814231209891056],[99.68352041323695,6.840622430433428],[99.69671265721959,6.8523225571786375]]],[[[99.69808206222784,6.838150726198226],[99.69826199621932,6.838478014341405],[99.6982812133766,6.837874208110792],[99.69808206222784,6.838150726198226]]],[[[99.69996515110424,6.837609642645729],[99.6994667837342,6.839921058167188],[99.7000599142726,6.83979009003012],[99.69996515110424,6.837609642645729]]],[[[99.70063353720624,6.846674645804754],[99.70078608389524,6.843784642230275],[99.69977644126335,6.845642054141196],[99.70063353720624,6.846674645804754]]],[[[99.70143924000298,6.850935006512631],[99.70176038275466,6.847424468385377],[99.70087402594305,6.847214533110176],[99.70143924000298,6.850935006512631]]],[[[99.68033634889241,6.89912996354051],[99.68005601289893,6.899057428365805],[99.68004462058819,6.899204943990149],[99.68033634889241,6.89912996354051]]],[[[99.70512809259927,7.0795454393508175],[99.70506053912091,7.080223889551752],[99.70553628218987,7.079642677744531],[99.70512809259927,7.0795454393508175]]],[[[99.69610644602069,7.092387033254435],[99.70082134711043,7.086042666082212],[99.6961749622267,7.086959074494743],[99.69610644602069,7.092387033254435]]],[[[99.69979225141633,7.123712392816189],[99.69858760887365,7.127609586632163],[99.70231071138707,7.130640370119347],[99.69979225141633,7.123712392816189]]],[[[99.78447088739745,9.322130776569011],[99.78468224513674,9.323491557735409],[99.78506494427201,9.323461466302254],[99.78447088739745,9.322130776569011]]],[[[99.76778104541226,9.324925013349173],[99.77845330704156,9.325844451140398],[99.7830995765659,9.322461335177218],[99.76778104541226,9.324925013349173]]],[[[99.7046900930536,9.330074592742559],[99.70290766892725,9.332385567539283],[99.70387477757,9.332641565288762],[99.7046900930536,9.330074592742559]]],[[[99.72013369813546,9.349212900038783],[99.72106345900859,9.350754974141958],[99.72175401926111,9.349994653245643],[99.72013369813546,9.349212900038783]]],[[[99.68283009411952,9.353776155623715],[99.6800224807412,9.35175429348292],[99.67994012427195,9.353028360908587],[99.68283009411952,9.353776155623715]]],[[[99.67740405893704,9.472691970382112],[99.6772398112849,9.473665109928653],[99.6778007368129,9.473547911361978],[99.67740405893704,9.472691970382112]]],[[[99.69596684322427,9.48036185862658],[99.69802019303796,9.481660361569329],[99.70007941591197,9.480408395281694],[99.69596684322427,9.48036185862658]]],[[[99.70535767666057,9.507334168584693],[99.70457315812872,9.511740387139847],[99.70725355478125,9.50986488221308],[99.70535767666057,9.507334168584693]]],[[[99.71110626649364,9.522751049824842],[99.71191151471314,9.51983683410168],[99.70992295607351,9.519828775121582],[99.71110626649364,9.522751049824842]]],[[[99.69349295255171,9.549711973619159],[99.70811569292415,9.546502301114266],[99.69981907843128,9.510030052510793],[99.67833097267824,9.505909291487942],[99.6613308480061,9.51409038033445],[99.66782804634957,9.537928233548831],[99.68170809264251,9.542198290957234],[99.68724162086372,9.553067881798835],[99.68993568283065,9.553571712152825],[99.69120510052747,9.551371306950427],[99.69349295255171,9.549711973619159]]],[[[99.69507483326647,9.55049832945242],[99.69428119774554,9.550479184067322],[99.69541441724101,9.551461578475058],[99.69507483326647,9.55049832945242]]],[[[99.69045751624776,9.555362547752587],[99.69051968098523,9.555757654304333],[99.69076195404052,9.555584347745334],[99.69045751624776,9.555362547752587]]],[[[99.68480837663235,9.554113786892584],[99.68467759207907,9.557419045900657],[99.68657995096655,9.55495258761993],[99.68480837663235,9.554113786892584]]],[[[99.71953196009618,9.591586416875316],[99.72311299356006,9.592983379567379],[99.7196489988644,9.589569833860017],[99.71953196009618,9.591586416875316]]],[[[99.71692361936735,9.604301925162689],[99.71489668443829,9.601341033509149],[99.71415244041191,9.602612499803381],[99.71692361936735,9.604301925162689]]],[[[99.71231154314579,9.619877767660727],[99.71485067950424,9.612714721704654],[99.71306286982366,9.602677016223705],[99.70925282983187,9.611661184690442],[99.71231154314579,9.619877767660727]]],[[[99.72069231015708,9.619626343767836],[99.72036077372404,9.620129959379849],[99.72067263233326,9.620092201921578],[99.72069231015708,9.619626343767836]]],[[[99.720540687585,9.62022077670541],[99.72033321239594,9.620489943878402],[99.72051589677109,9.620468807596447],[99.720540687585,9.62022077670541]]],[[[99.68882387336431,9.665477729648131],[99.68154338570535,9.651345097417323],[99.68025403574657,9.651066174445399],[99.6794561463518,9.665239365795577],[99.68882387336431,9.665477729648131]]],[[[99.67850663704819,9.670326906588953],[99.67666131240878,9.671688215876923],[99.67745995189436,9.672552027442345],[99.67850663704819,9.670326906588953]]],[[[99.68144620976614,9.67151903797626],[99.67964701565108,9.67289338447844],[99.68039405470097,9.67400045134566],[99.68144620976614,9.67151903797626]]],[[[99.67824662438814,9.674590368588355],[99.67593543936276,9.676570980240793],[99.67911710175767,9.676663508772329],[99.67824662438814,9.674590368588355]]],[[[99.68296637219568,9.684180271074002],[99.68315093538057,9.67645051971705],[99.67936691753226,9.677632920448458],[99.68296637219568,9.684180271074002]]],[[[99.67776012314788,9.680854206629881],[99.67577195920843,9.681020882677215],[99.67762122595789,9.681704801207225],[99.67776012314788,9.680854206629881]]],[[[99.67766391837445,9.686698918498612],[99.67755011758315,9.686200548735783],[99.67740016665071,9.686699439217996],[99.67766391837445,9.686698918498612]]],[[[99.68059796222394,9.699358918602137],[99.67973849946867,9.700071701737723],[99.68012119532266,9.700267691216762],[99.68059796222394,9.699358918602137]]],[[[99.67672823493562,9.709246753105353],[99.67569413130846,9.710084235271427],[99.67624830242852,9.71083719017327],[99.67672823493562,9.709246753105353]]],[[[99.71294543639772,9.79618152086334],[99.71400108265159,9.796218078553428],[99.71422467854424,9.79565533713554],[99.71294543639772,9.79618152086334]]],[[[99.71225471224952,9.799701872305892],[99.71396202816305,9.79967570643918],[99.71316275202199,9.79850325188753],[99.71225471224952,9.799701872305892]]],[[[99.83860337319805,10.126136274083287],[99.8560814659546,10.089659007379842],[99.83941728114569,10.072665403443246],[99.84239748430333,10.065012671465764],[99.8320202669117,10.066454708533623],[99.82723915972554,10.058915910151885],[99.82792359993422,10.065898681268012],[99.81507456060956,10.069139692010545],[99.82799864550523,10.095299365954842],[99.82062928982398,10.118913990217614],[99.82436247730543,10.126077895654834],[99.83668421211189,10.120714063084602],[99.83860337319805,10.126136274083287]]],[[[99.8134975430661,10.115823747042336],[99.81536293098678,10.114385605527064],[99.81413841253853,10.11389732415631],[99.8134975430661,10.115823747042336]]],[[[99.81624793912209,10.118543625356606],[99.81563758832628,10.117055893600162],[99.8144435880945,10.117444992182826],[99.81624793912209,10.118543625356606]]],[[[99.81226921041669,10.125513078391396],[99.81456947414434,10.118753434691486],[99.81186485308463,10.118589401766345],[99.81226921041669,10.125513078391396]]],[[[99.78956395964647,11.709471702711987],[99.78782159800606,11.708082463794955],[99.78906849479819,11.711631111844413],[99.78956395964647,11.709471702711987]]],[[[99.79137686763143,11.720706390259881],[99.79286674342754,11.72053722067921],[99.79198270357499,11.720097393957385],[99.79137686763143,11.720706390259881]]],[[[99.82940250361841,11.758879582039826],[99.83347609052666,11.760396348600043],[99.8342292237883,11.758138755147069],[99.82940250361841,11.758879582039826]]],[[[99.81105494474494,11.766888203931234],[99.808447808635,11.765626220274317],[99.80988072155647,11.768482335468873],[99.81105494474494,11.766888203931234]]],[[[99.81730709340822,11.79130846747837],[99.81552823186301,11.791605389814404],[99.81600529426711,11.792438580501818],[99.81730709340822,11.79130846747837]]],[[[99.81586425390665,11.793471320938654],[99.81408945327554,11.79355706621923],[99.81517757597292,11.795788445119417],[99.81586425390665,11.793471320938654]]],[[[99.82249199459041,11.796176252746324],[99.82525535768737,11.793360352823694],[99.82205807935685,11.793049308441033],[99.82249199459041,11.796176252746324]]],[[[99.81635116564034,11.797541440153578],[99.81426759950669,11.798036305706708],[99.81548669564545,11.798971403240474],[99.81635116564034,11.797541440153578]]],[[[100.09034460605002,6.425736182223783],[100.08775505517544,6.4317428455184364],[100.08853242129618,6.435101827916781],[100.09034460605002,6.425736182223783]]],[[[100.06180462767762,6.445407960492046],[100.0632116977252,6.452419205800999],[100.06502868334462,6.452987499508921],[100.06180462767762,6.445407960492046]]],[[[100.10309834364534,6.456195491734484],[100.10028498433299,6.454049630235683],[100.10087750004361,6.458121834209536],[100.10309834364534,6.456195491734484]]],[[[100.06679401074135,6.462363727230146],[100.06997649928196,6.471299430652369],[100.07186318344888,6.471121378645686],[100.07367895778937,6.465194393825636],[100.06679401074135,6.462363727230146]]],[[[99.99160506701168,6.539380170985838],[99.9912325267232,6.538039089896745],[99.99067064924559,6.5392472047746635],[99.99160506701168,6.539380170985838]]],[[[99.95531760990991,6.53927145051158],[99.95475836280559,6.539452827011714],[99.95526698080889,6.539685337384962],[99.95531760990991,6.53927145051158]]],[[[99.95370754292425,6.54958351287883],[99.95619767948067,6.550243012638284],[99.95515256447509,6.548802906333159],[99.95370754292425,6.54958351287883]]],[[[99.95892113648436,6.551139504516762],[99.95712761454763,6.550274028829343],[99.9586767139602,6.5516255588057355],[99.95892113648436,6.551139504516762]]],[[[99.97988509036622,6.559971861819438],[99.98397062436607,6.5610714123982925],[99.98042333118957,6.5566883721568345],[99.97988509036622,6.559971861819438]]],[[[99.97442112570882,6.583567353458203],[99.97292599111742,6.583616993423125],[99.97472380788825,6.584533418214205],[99.97442112570882,6.583567353458203]]],[[[99.97541550299458,6.584921480018156],[99.97499755811849,6.586091645594851],[99.97580154357476,6.586124007274207],[99.97541550299458,6.584921480018156]]],[[[99.9865650767493,6.594035033528423],[99.98762710815978,6.593645707239989],[99.98735542058401,6.5923454942588515],[99.9865650767493,6.594035033528423]]],[[[99.9489580612555,6.650244586394482],[99.95080050212904,6.655428454478892],[99.95254070798916,6.6573669917526495],[99.95125285460306,6.652469503065747],[99.9489580612555,6.650244586394482]]],[[[99.94956285941907,6.660057883052511],[99.94951859245603,6.662332396772304],[99.95054629869588,6.663292041632047],[99.94956285941907,6.660057883052511]]],[[[99.90641768477646,6.6881035484310205],[99.90676686524806,6.684722922715773],[99.9052139369575,6.685262942104692],[99.90641768477646,6.6881035484310205]]],[[[99.91450313143527,6.698196015533037],[99.90778717973959,6.689482225641223],[99.90452204121202,6.705778784785472],[99.91266041266212,6.712569037761843],[99.9073184299218,6.707896999334208],[99.90647847173051,6.705350037925925],[99.91450313143527,6.698196015533037]]],[[[99.8879556787391,6.714593233704726],[99.88711010906249,6.717405290874404],[99.89286056526916,6.715863044636516],[99.8879556787391,6.714593233704726]]],[[[100.59592615300942,7.239352999730876],[100.59769947779338,7.235137741881656],[100.59815870392606,7.23316551379925],[100.59592615300942,7.239352999730876]]],[[[100.59069888999697,7.2538358514133785],[100.59030297745245,7.254745556252398],[100.5908028616536,7.254558542020252],[100.59069888999697,7.2538358514133785]]],[[[100.59099161287,7.264371664955869],[100.58992747179755,7.262390170767197],[100.58739329002739,7.262153360515892],[100.59099161287,7.264371664955869]]],[[[99.963064186463,9.312616474316224],[99.96011805570168,9.303392403081197],[99.95059708990148,9.31207846461833],[99.963064186463,9.312616474316224]]],[[[99.90908217617081,9.314480494284496],[99.91612096225484,9.31254178945379],[99.91531022789839,9.308440752318981],[99.90908217617081,9.314480494284496]]],[[[99.89336034171882,9.310085892330779],[99.88909185070345,9.3170785132034],[99.89099479216912,9.318192383307762],[99.89336034171882,9.310085892330779]]],[[[99.91999709431668,9.344342510221805],[99.92194781105844,9.345790715265618],[99.92236411879668,9.345478726715076],[99.91999709431668,9.344342510221805]]],[[[99.98215456823495,9.375470198754186],[99.97769008763343,9.367206247941368],[99.97165020809894,9.367008649557386],[99.97684826195774,9.37820144902975],[99.98215456823495,9.375470198754186]]],[[[99.94198859261985,9.354933271513254],[99.92698797829577,9.356837728728504],[99.93559161958497,9.383464263073767],[99.95310402188868,9.396128538650476],[99.95093501815663,9.380020667619641],[99.96010539234875,9.366237926262956],[99.94198859261985,9.354933271513254]]],[[[99.89693677000209,9.42578582085106],[99.8965705537639,9.428630596237106],[99.89791371466514,9.429295986497586],[99.89693677000209,9.42578582085106]]],[[[99.89294308546569,9.435917819183361],[99.89362233143599,9.43381415566635],[99.8925727032704,9.434042864626928],[99.89294308546569,9.435917819183361]]],[[[99.89267144559302,9.436824933887543],[99.89334858574756,9.437611049290075],[99.89326675813577,9.4366970493909],[99.89267144559302,9.436824933887543]]],[[[99.90058245692839,9.438138508226169],[99.89959165059805,9.439785085987214],[99.90069777912788,9.439789909526052],[99.90058245692839,9.438138508226169]]],[[[99.90060878644016,9.444302639477996],[99.90114028766394,9.443346913377429],[99.90023252095581,9.443349238309064],[99.90060878644016,9.444302639477996]]],[[[100.06945589598153,9.592627900762562],[100.08030377036448,9.588276832092449],[100.08034390577195,9.57450598310745],[100.09060981712335,9.569817943159116],[100.05653435769536,9.51346869498595],[100.07396316242856,9.470744015738966],[100.04970699595498,9.468326288405523],[100.03986158522311,9.451909979685816],[100.02814970144239,9.45050184115337],[100.0095265175142,9.419701199926047],[99.98675888486592,9.422154712806863],[99.96558245985946,9.408837422808027],[99.95096753599871,9.422055617505256],[99.92958133712307,9.417024795214633],[99.92914625660437,9.427933373953627],[99.93726332873928,9.429087618954998],[99.93467732663862,9.455726493780935],[99.91877085144583,9.4914865974512],[99.93441828938612,9.500065763495792],[99.93471854568516,9.535035639967063],[99.92742514353422,9.55805992670903],[99.91231733612426,9.570539375756859],[99.98279067411674,9.587365157396164],[99.99741106544354,9.571329331516687],[100.0167369960252,9.57471135967372],[100.0269120180543,9.561562135048176],[100.04123537478037,9.565031816642325],[100.05255584062171,9.557248825175437],[100.06166767023682,9.564053720966537],[100.06945589598153,9.592627900762562]]],[[[100.08159308813735,9.534944280354134],[100.08330597325408,9.537231763470686],[100.08664302899356,9.533410002099359],[100.08159308813735,9.534944280354134]]],[[[100.08666383461261,9.574898819858007],[100.08931751539922,9.57271805504869],[100.08761282427565,9.57245021887438],[100.08666383461261,9.574898819858007]]],[[[100.0512196228231,9.590879236792578],[100.05312182497943,9.593493109724257],[100.0535476095,9.593270652819218],[100.0512196228231,9.590879236792578]]],[[[100.0565477480574,9.594313481310904],[100.0613014119623,9.592251495026817],[100.05468659581217,9.59259475856825],[100.0565477480574,9.594313481310904]]],[[[99.9499564382838,9.706937440650654],[99.94572968044739,9.702138940198171],[99.94314330368906,9.70539120477427],[99.9499564382838,9.706937440650654]]],[[[99.9715469483757,9.710027545129535],[99.97502573221901,9.707119587138628],[99.97197172622644,9.705575670254367],[99.9715469483757,9.710027545129535]]],[[[100.02871644753859,9.803569516618275],[100.0346179535242,9.792937516753911],[100.06208906949476,9.786851847735281],[100.05659412838745,9.772432878393836],[100.07276253712621,9.766327383697336],[100.08123410451034,9.73649737467681],[100.07532221773322,9.713904885394289],[100.08168967488687,9.696796267327397],[100.06828445841647,9.676841649757757],[100.07567475907516,9.665773677839987],[100.0393494004507,9.693362415563026],[99.985734547284,9.708563223068348],[99.97576827874241,9.725679530540786],[99.97507533021567,9.747446195658323],[99.9608800590982,9.756758715883393],[99.97108218111894,9.79193616691919],[99.99119073700871,9.803264898297359],[100.00551014442208,9.787038352106569],[100.01670156925924,9.802385455036543],[100.02871644753859,9.803569516618275]]],[[[100.07564197674401,9.765012015747256],[100.0749951307989,9.767086888604373],[100.07561034669052,9.767179831951584],[100.07564197674401,9.765012015747256]]],[[[99.97934497188837,9.80283633775537],[99.98016776843839,9.799112764424443],[99.97769380581948,9.799685252559469],[99.97934497188837,9.80283633775537]]],[[[100.0321157083046,12.21323480147815],[100.02548955915913,12.196747889103497],[100.02433451756731,12.196395334681648],[100.0321157083046,12.21323480147815]]],[[[100.00992902685866,12.224418717220509],[100.0092961048682,12.225364759032251],[100.00989971504472,12.225713819678521],[100.00992902685866,12.224418717220509]]],[[[100.01013088096991,12.226193446550843],[100.00999311408506,12.226726027063487],[100.0101881980611,12.226704654229925],[100.01013088096991,12.226193446550843]]],[[[100.00386125109567,12.231985297240406],[100.00522351587385,12.229543469294002],[100.00464531815526,12.229346340107398],[100.00386125109567,12.231985297240406]]],[[[100.01295048673036,12.245108050782525],[100.00556170460202,12.236333829000088],[100.01172681500425,12.249361448573687],[100.01295048673036,12.245108050782525]]],[[[100.9523444213273,12.529804266051359],[100.96063034862965,12.516060851668271],[100.95665118066795,12.507871480949502],[100.9523444213273,12.529804266051359]]],[[[100.94865700576688,12.587207219599938],[100.96325374248723,12.56144731015612],[100.95276352259742,12.549525005017925],[100.9424860295329,12.580139147574139],[100.94865700576688,12.587207219599938]]],[[[100.93486567753565,12.576631282676694],[100.93257662057486,12.570770529690703],[100.93080269614137,12.572952745271127],[100.93486567753565,12.576631282676694]]],[[[100.91801914486356,12.599995140233139],[100.91632687950232,12.603035035950816],[100.91728752866796,12.606009307181253],[100.91801914486356,12.599995140233139]]],[[[100.87715508169647,12.610803595638407],[100.87453723480053,12.612860613931188],[100.87580221084184,12.614960689434497],[100.87715508169647,12.610803595638407]]],[[[100.87822240111132,12.617912510720076],[100.88375990167543,12.616017039360596],[100.87960661690703,12.614269154319382],[100.87822240111132,12.617912510720076]]],[[[100.9180050645628,12.616032708988483],[100.91746442374615,12.616707806743433],[100.91838369031981,12.617542210154538],[100.9180050645628,12.616032708988483]]],[[[100.90065192155404,12.62741984543615],[100.902473356619,12.622347594537144],[100.89910921633376,12.623436617622152],[100.90065192155404,12.62741984543615]]],[[[100.86386386485935,12.640596361683762],[100.87756347029764,12.636565888395591],[100.86786096731169,12.628562978467173],[100.86386386485935,12.640596361683762]]],[[[100.89134717465654,12.647769089440303],[100.89082063214093,12.641740256672225],[100.87778280255185,12.64525195221601],[100.89134717465654,12.647769089440303]]],[[[100.89857239021084,12.6460901843109],[100.89774207153053,12.645745634628078],[100.8980341348438,12.647219755090195],[100.89857239021084,12.6460901843109]]],[[[100.82389804669789,12.678084074183808],[100.82363413354743,12.672351140632859],[100.82212096095252,12.679732160667129],[100.82389804669789,12.678084074183808]]],[[[100.77357298079964,12.71977452867342],[100.80297205948888,12.718047512428656],[100.80617736289952,12.696941859552304],[100.78121304933202,12.671307651244447],[100.76392800876795,12.703649910675518],[100.76527517532914,12.713748902497413],[100.7726901889461,12.704921444231461],[100.77357298079964,12.71977452867342]]],[[[100.79908434611532,12.727929680725312],[100.7980538280258,12.726269353087677],[100.79731749363904,12.729840895332014],[100.79908434611532,12.727929680725312]]],[[[100.84939029114989,12.761408029375103],[100.84013276331896,12.759869863071435],[100.8389099523974,12.76111170104745],[100.84939029114989,12.761408029375103]]],[[[100.70268961409492,12.792555388985656],[100.70182053856206,12.793150862542532],[100.70242162094095,12.793631289431865],[100.70268961409492,12.792555388985656]]],[[[100.70226474966753,12.802312578592016],[100.70469684606009,12.795165743600354],[100.70314590385189,12.793614191052786],[100.69764736915646,12.799181959961357],[100.70226474966753,12.802312578592016]]],[[[100.67117332427458,12.867619712573608],[100.67182651226503,12.880105004751446],[100.67374436257309,12.8840693475444],[100.67594442306682,12.876278839413517],[100.67117332427458,12.867619712573608]]],[[[100.68109919836543,12.902714128025075],[100.67692853669459,12.904094176800774],[100.67777068456648,12.9062607758328],[100.68109919836543,12.902714128025075]]],[[[100.67805430431233,12.909858421906875],[100.67705828269871,12.91210185418512],[100.67790483381988,12.91242323884395],[100.67805430431233,12.909858421906875]]],[[[100.78989706020742,12.938135667498223],[100.78129874473747,12.901542639848783],[100.77302533272274,12.897149989020912],[100.76875518103088,12.928195464941268],[100.77858617562995,12.927281017441622],[100.78989706020742,12.938135667498223]]],[[[100.80550817303985,12.925568168954328],[100.80486126342957,12.93095278181931],[100.8068652000236,12.925039109731545],[100.80550817303985,12.925568168954328]]],[[[100.6778224387574,12.952473961120086],[100.68544393242546,12.926936449710839],[100.67508180599887,12.918811467380465],[100.66233195048643,12.945319769396505],[100.6778224387574,12.952473961120086]]],[[[100.78940997474604,12.945870871681587],[100.7942232261398,12.942863426050854],[100.79014745543712,12.942164914534011],[100.78940997474604,12.945870871681587]]],[[[100.65617819952148,12.957804702340065],[100.65741102764862,12.9561421906856],[100.65594742858245,12.95692368007908],[100.65617819952148,12.957804702340065]]],[[[100.64808094772265,12.963107485471145],[100.65381130717323,12.958787140903386],[100.64762475788692,12.95120225369417],[100.64808094772265,12.963107485471145]]],[[[100.80545880520569,13.118108565548997],[100.81057230793368,13.11395602093083],[100.80263218215914,13.108732246931103],[100.80545880520569,13.118108565548997]]],[[[100.80960448070718,13.123623320573737],[100.80875080506952,13.123621455880384],[100.80933111635741,13.124287783296495],[100.80960448070718,13.123623320573737]]],[[[100.83469496787363,13.151881659211067],[100.83375342518104,13.151989312964139],[100.83370569922192,13.152607950170065],[100.83469496787363,13.151881659211067]]],[[[100.80792099424771,13.177340478849922],[100.8224113032654,13.14124407292244],[100.8093876513707,13.125110997402865],[100.79830211094315,13.163387778305458],[100.80077992126417,13.177927215105758],[100.80792099424771,13.177340478849922]]],[[[100.83338207559,13.165160866058226],[100.83279668312134,13.165654658271777],[100.8331169249357,13.166419041714445],[100.83338207559,13.165160866058226]]],[[[100.82568977583014,13.170582927123125],[100.82185954308525,13.164666569653415],[100.82122603433136,13.172240841982905],[100.82568977583014,13.170582927123125]]],[[[100.91967087802936,13.174600497272367],[100.92050376444529,13.17316773917046],[100.91917859288593,13.173699276452012],[100.91967087802936,13.174600497272367]]],[[[100.82972595223562,13.175179355851652],[100.83079586103543,13.174147445997532],[100.8287291133088,13.173925347309082],[100.82972595223562,13.175179355851652]]],[[[100.79843865060961,13.188857019222857],[100.798017994396,13.188953496537117],[100.79783148512053,13.18963715777258],[100.79843865060961,13.188857019222857]]],[[[102.55373295090804,11.762215202197382],[102.57090458113997,11.73204970798445],[102.56383132831249,11.697943370498948],[102.57988377928156,11.711950659034523],[102.59053576227883,11.694425605251451],[102.60076655095469,11.700113319526189],[102.60852965015604,11.689322459001385],[102.60085371526988,11.676935686710314],[102.60816087659107,11.64508144046933],[102.58748414802692,11.606419749374869],[102.60137304615357,11.607215800319869],[102.59320316354763,11.593518719061695],[102.59265824448143,11.561730131701742],[102.56844944155017,11.576561462487684],[102.56679498678415,11.59385100365619],[102.55117539401446,11.596730472864717],[102.54802257043704,11.59092964893395],[102.54010019463648,11.602987016398663],[102.52604692765229,11.60559230690296],[102.53599216086401,11.611197973549846],[102.53257867351486,11.618572609958132],[102.5455000799217,11.622861322936737],[102.54356852427752,11.637676840666234],[102.52424643408747,11.656627118465108],[102.53450853608769,11.666228892129704],[102.527450210106,11.69597400155012],[102.54042501406141,11.702376865562105],[102.53452264534319,11.724367671481478],[102.54775576123109,11.737583821730531],[102.54627764025727,11.757532070820375],[102.55373295090804,11.762215202197382]]],[[[102.52152454161268,11.679566165575018],[102.52280900048285,11.685892493816382],[102.52478293729789,11.686513853501674],[102.52152454161268,11.679566165575018]]],[[[102.51255444935843,11.725578389133736],[102.52587826350562,11.716140133811644],[102.52115130093237,11.708201138053902],[102.51255444935843,11.725578389133736]]],[[[102.39517150729515,11.772043728571994],[102.38815535054145,11.775315139013685],[102.39482361702834,11.776958612372042],[102.39517150729515,11.772043728571994]]],[[[102.3943095875643,11.784134478933984],[102.39351703802251,11.785394984332195],[102.39450134855895,11.78507533042514],[102.3943095875643,11.784134478933984]]],[[[102.39591106105314,11.787419257119948],[102.39525070014713,11.788498410334263],[102.39613847019143,11.788636516384306],[102.39591106105314,11.787419257119948]]],[[[102.38628971539428,11.810695867813513],[102.39345955353346,11.79670009426826],[102.38669620371904,11.776214218095921],[102.3802885795371,11.807057445924295],[102.38628971539428,11.810695867813513]]],[[[102.44926478125072,11.798071564214279],[102.45262791367266,11.798050756186042],[102.44995417377494,11.795316465626373],[102.44926478125072,11.798071564214279]]],[[[102.37626986715125,11.805966605296634],[102.3772937235522,11.804373302574747],[102.37568362050362,11.805365715079672],[102.37626986715125,11.805966605296634]]],[[[102.45686089841688,11.808328407853624],[102.45208932952546,11.804223245826178],[102.4565280493084,11.810024007319894],[102.45686089841688,11.808328407853624]]],[[[102.3785537447215,11.807066416969457],[102.37767530728908,11.809050870561773],[102.37892894034121,11.808220960371578],[102.3785537447215,11.807066416969457]]],[[[102.37686194675247,11.809182331427614],[102.37552798235784,11.811665463633098],[102.37759214498223,11.809363085927368],[102.37686194675247,11.809182331427614]]],[[[102.47179358310261,11.837570237047808],[102.48181042359442,11.828284971586235],[102.51186986907236,11.826283247458965],[102.50472940714695,11.81210994701875],[102.48792793560196,11.812907808159803],[102.48731976052221,11.789934611304671],[102.46811433510857,11.811960501087945],[102.44409614176281,11.811443326413634],[102.4451923643045,11.82049462578978],[102.4675196966291,11.822150559822365],[102.47179358310261,11.837570237047808]]],[[[102.39618374555027,11.81525627635414],[102.3951142878897,11.816838659126098],[102.39640810331466,11.815310097633985],[102.39618374555027,11.81525627635414]]],[[[102.39688059301366,11.816703407089602],[102.39691421905594,11.817990429978275],[102.39769684818606,11.81767813219743],[102.39688059301366,11.816703407089602]]],[[[102.40274718013713,11.818711915512738],[102.40118594240545,11.81951044219767],[102.40254524101513,11.820578734908612],[102.40274718013713,11.818711915512738]]],[[[102.38668160481515,11.821009073948021],[102.38440436857182,11.822664217852376],[102.38537660152565,11.824023332037429],[102.38668160481515,11.821009073948021]]],[[[102.44644071722504,11.82431871210823],[102.44646450166258,11.823107265316093],[102.44606370156433,11.824155868623533],[102.44644071722504,11.82431871210823]]],[[[102.46184252094781,11.833816129113194],[102.45907128431521,11.835946683501543],[102.4598131033452,11.83784722619261],[102.46184252094781,11.833816129113194]]],[[[102.5329800175423,11.842785590724263],[102.51904446897231,11.832427480357097],[102.52566619449642,11.855300837276884],[102.5329800175423,11.842785590724263]]],[[[102.52493394220703,11.855783251836092],[102.52464060737375,11.857091996891333],[102.5252725213679,11.855744890888483],[102.52493394220703,11.855783251836092]]],[[[102.52312894663021,11.857756493940489],[102.52328041461101,11.85864920961115],[102.5234846474489,11.857850503093315],[102.52312894663021,11.857756493940489]]],[[[102.45277590099766,11.900349093376054],[102.4499059269753,11.892621897172887],[102.4468362573971,11.901463210018235],[102.45277590099766,11.900349093376054]]],[[[102.39286832001031,11.905909670589372],[102.40428684574562,11.903220038923868],[102.41706942096913,11.900770464717342],[102.40785053916008,11.893479772741538],[102.39759671196117,11.896563041671403],[102.39286832001031,11.905909670589372]]],[[[102.34524500910626,11.900736275764041],[102.34619357587964,11.914226089428189],[102.3656960105318,11.928652394778993],[102.36270847142022,11.919301198889345],[102.34524500910626,11.900736275764041]]],[[[102.47438874979869,11.91575476321895],[102.47059403019728,11.918511159107881],[102.47256658747803,11.918899173835321],[102.47438874979869,11.91575476321895]]],[[[102.41167243345068,11.9315154805687],[102.40870497701076,11.932433732562973],[102.40975464728137,11.933291877142782],[102.41167243345068,11.9315154805687]]],[[[102.40955303930699,11.938718332318162],[102.40655059754616,11.937746585226298],[102.40887237843714,11.93975597638067],[102.40955303930699,11.938718332318162]]],[[[102.40912793160128,11.941584250965214],[102.40200297410054,11.943975006406085],[102.4026779508297,11.947010713933508],[102.40912793160128,11.941584250965214]]],[[[102.48198711188674,11.95841446687956],[102.47977036342452,11.937414966430595],[102.46842934200936,11.930717209907],[102.46943994470874,11.953524108954586],[102.48198711188674,11.95841446687956]]],[[[102.44668000104296,11.9457803217471],[102.44696251775737,11.946632778513445],[102.44725080835872,11.946124698949024],[102.44668000104296,11.9457803217471]]],[[[102.44463030212476,11.948047978443071],[102.4390728100122,11.950074345292732],[102.44168260731904,11.943114945296378],[102.43686832975958,11.950712856398926],[102.44196656330602,11.954061569763464],[102.44463030212476,11.948047978443071]]],[[[102.48908820841031,11.955188651513621],[102.50142761352278,11.954841182041495],[102.48892680273333,11.949159575550784],[102.48908820841031,11.955188651513621]]],[[[102.50880339002515,11.960167273201357],[102.50864992066074,11.96097851059628],[102.50916519318926,11.960757309682752],[102.50880339002515,11.960167273201357]]],[[[102.51343972579177,11.96160982836992],[102.5135694376073,11.96035467201532],[102.51239257581774,11.960795516237537],[102.51343972579177,11.96160982836992]]],[[[102.44703035683615,11.962039653901323],[102.44829889280147,11.960689345030131],[102.44669246435177,11.961270521036573],[102.44703035683615,11.962039653901323]]],[[[102.49009157077795,11.965192536876499],[102.49066421448198,11.967351849357913],[102.49246979083934,11.966626206331314],[102.49009157077795,11.965192536876499]]],[[[102.50300814571666,11.970351238719502],[102.50257864327462,11.97103933514209],[102.50294384311398,11.971052856377305],[102.50300814571666,11.970351238719502]]],[[[102.38948056172599,11.974189864662959],[102.39372155712546,11.971230715173425],[102.39144491459699,11.969427731018497],[102.38948056172599,11.974189864662959]]],[[[102.38834238702157,11.98774928930867],[102.38677542012094,11.982582727361887],[102.3880007642697,11.977543017824814],[102.38394772497124,11.984615066545867],[102.38834238702157,11.98774928930867]]],[[[102.3880954823682,11.990478459059814],[102.3881996743977,11.99181746474406],[102.388680368734,11.991332441290716],[102.3880954823682,11.990478459059814]]],[[[102.26838912721085,12.012008851517361],[102.26981415470628,12.014000976641693],[102.26933894732845,12.012020916011977],[102.26838912721085,12.012008851517361]]],[[[102.28513967024246,12.015896428320103],[102.28095481588082,12.017475707571979],[102.28132909291563,12.018231215877847],[102.28513967024246,12.015896428320103]]],[[[102.26475807499466,12.01839197259866],[102.26496641910656,12.020978189604275],[102.26551347877698,12.020770600765605],[102.26475807499466,12.01839197259866]]],[[[102.263839410053,12.022547556584545],[102.26106541596567,12.024961192395262],[102.2624890727509,12.025117010466735],[102.263839410053,12.022547556584545]]],[[[102.28091637412913,12.036281721708873],[102.28151635510206,12.036387287194211],[102.28132328128535,12.03582111408086],[102.28091637412913,12.036281721708873]]],[[[102.28024003168923,12.040311524742776],[102.27803446192429,12.04015843133144],[102.2783289683739,12.041366924837106],[102.28024003168923,12.040311524742776]]],[[[102.42655478911536,12.04735650355954],[102.42382813056594,12.050458106296855],[102.4238145681922,12.05160723000883],[102.42655478911536,12.04735650355954]]],[[[102.42299426518177,12.053452743080163],[102.42320949911921,12.052484855388204],[102.42223471236413,12.053567613749385],[102.42299426518177,12.053452743080163]]],[[[102.25467462141006,12.15614096305385],[102.27892071473374,12.141242416438587],[102.32191283521905,12.136180668657056],[102.35254051736942,12.113383716312502],[102.36637257366779,12.083375572439852],[102.3827171552747,12.067933155845699],[102.38495982103836,12.04936807122842],[102.39789264448618,12.047944449446225],[102.39127183376307,12.028660554285418],[102.3983778391571,12.035588185547986],[102.40643597886033,12.030613370642667],[102.42962956503347,11.989120943768626],[102.44658215685267,11.976653561776464],[102.43725432567847,11.970423578553461],[102.43580563159539,11.951940653586492],[102.38208448164119,12.0005565617733],[102.36917636563601,11.993438746703255],[102.37722800050365,11.96417898073085],[102.31699468041424,11.974472132066984],[102.3107303336661,11.969376291210137],[102.31895923611319,11.96308569106667],[102.31479407893025,11.957388021526794],[102.29188291959774,11.985307516532993],[102.29829611362631,11.993689839117648],[102.28774224792993,12.015267876616297],[102.29091031502983,12.057997017634433],[102.27726614304892,12.066213969075495],[102.27372750609597,12.102051001183769],[102.2493301617435,12.136867066111295],[102.27008143631434,12.134113992673203],[102.25467462141006,12.15614096305385]]],[[[102.24893217111207,12.140219835802611],[102.2465826506027,12.139149464014306],[102.24651897447936,12.14086976660378],[102.24893217111207,12.140219835802611]]],[[[102.24420920122341,12.162600214779296],[102.24909422494765,12.158409079947825],[102.24422838743419,12.15937935310142],[102.24420920122341,12.162600214779296]]],[[[102.34039341774343,12.186592770300647],[102.33881055538126,12.18674036599656],[102.33847562268107,12.188973734049267],[102.34039341774343,12.186592770300647]]],[[[102.27719076873727,12.204436124042685],[102.27654087047674,12.204341676525148],[102.27664040837564,12.204905266806847],[102.27719076873727,12.204436124042685]]],[[[102.27674706619123,12.21689378952732],[102.27711424003614,12.216299403473908],[102.27669222008993,12.216726963964339],[102.27674706619123,12.21689378952732]]],[[[102.2495045933447,12.288138264909014],[102.25318038006611,12.287842203331016],[102.25135858082386,12.285849740781526],[102.2495045933447,12.288138264909014]]],[[[102.23532555544178,12.297055290691855],[102.24299984639043,12.29043707408278],[102.23836112647238,12.286220200169833],[102.23532555544178,12.297055290691855]]],[[[102.13481844087316,12.39677208549372],[102.13129684789745,12.392894964911585],[102.13408025612661,12.399089892937614],[102.13481844087316,12.39677208549372]]],[[[102.11093491051021,12.422599042055959],[102.10801381960692,12.422193184758193],[102.11155339952927,12.425444703707434],[102.11093491051021,12.422599042055959]]],[[[102.02561195952823,12.461685424603962],[102.0206744975639,12.464996146642408],[102.02361185281508,12.466718231062694],[102.02561195952823,12.461685424603962]]],[[[102.06609821078915,12.46568186659475],[102.06583010406449,12.464522014457371],[102.06501121297981,12.46511942536188],[102.06609821078915,12.46568186659475]]],[[[101.94796359470037,12.513889624414597],[101.95057281302472,12.509919411290483],[101.94937072278191,12.509148992478252],[101.94796359470037,12.513889624414597]]],[[[101.44200655747909,12.51614240373775],[101.44304090530585,12.513960202359682],[101.44256896257684,12.512761240071674],[101.44200655747909,12.51614240373775]]],[[[100.9740253743543,12.513343563177829],[100.96732183369942,12.517916095896572],[100.96700799087505,12.52277134506593],[100.97337129317542,12.521556410398551],[100.9740253743543,12.513343563177829]]],[[[100.959842261694,12.531416037137621],[100.95913031860842,12.533683151376435],[100.96072709869232,12.531716555046282],[100.959842261694,12.531416037137621]]],[[[100.95910400571009,12.534418941912758],[100.95821628405888,12.534718040752903],[100.95833873182553,12.535725464340858],[100.95910400571009,12.534418941912758]]],[[[100.97216096947213,12.547464621352646],[100.97053797876723,12.551228165958861],[100.97126343585072,12.552330908454277],[100.97216096947213,12.547464621352646]]],[[[101.44557759448408,12.579860517370435],[101.47023051023116,12.567666153603554],[101.45026352624824,12.554111135875416],[101.44309010520212,12.521677784840664],[101.44557759448408,12.579860517370435]]],[[[101.57028775258836,12.556529662204056],[101.56674827601262,12.558339039569917],[101.56820205770346,12.559286051228257],[101.57028775258836,12.556529662204056]]],[[[101.70249540025938,12.567418126835468],[101.6978357668986,12.569894185663065],[101.70168127540475,12.572687289172093],[101.70249540025938,12.567418126835468]]],[[[101.51025513134562,12.579547732389225],[101.51031668682039,12.580449995247248],[101.51067856814964,12.580420085346418],[101.51025513134562,12.579547732389225]]],[[[101.50844493619533,12.584971987152388],[101.51129407049564,12.583965663622934],[101.5103883140365,12.581593539679178],[101.50844493619533,12.584971987152388]]],[[[100.96119304211553,12.589995810853344],[100.96667584747837,12.581175510042408],[100.96045986127378,12.581411437323732],[100.96119304211553,12.589995810853344]]],[[[101.50832001286561,12.594006981515626],[101.51080444418886,12.593745026092584],[101.51106654430473,12.592430169725763],[101.50832001286561,12.594006981515626]]],[[[101.69442941859813,12.600065153708425],[101.68874357186382,12.599337604613815],[101.69346193882372,12.604305103030596],[101.69442941859813,12.600065153708425]]],[[[101.51286953775683,12.600045555620087],[101.51218206690555,12.599626889854438],[101.5126210609139,12.600383900812183],[101.51286953775683,12.600045555620087]]],[[[101.51469666017373,12.601226615538422],[101.5154026707804,12.604287120620997],[101.51567148171854,12.604325159598229],[101.51469666017373,12.601226615538422]]],[[[101.69471733649324,12.612411617219859],[101.68506210260304,12.611027779458894],[101.6895153506598,12.61897039902088],[101.69471733649324,12.612411617219859]]],[[[101.17148126444428,12.649990075317145],[101.16963785105446,12.648382833161872],[101.17203723335172,12.65112525246534],[101.17148126444428,12.649990075317145]]],[[[99.96066389459854,20.46205719265701],[99.98030054483245,20.45064468774266],[99.9739683128421,20.44388733452263],[99.98900303916797,20.436529081511996],[99.9844417434721,20.429569970664694],[99.99268301372669,20.42696409933608],[99.9869241453299,20.42283088323863],[99.99498380700035,20.42149953497569],[99.98979635941359,20.417851148017192],[100.0039663258235,20.412580488236955],[100.00870036587582,20.418775105633177],[100.0539672749525,20.387623059413215],[100.05595948448608,20.396038612707393],[100.0662391131464,20.39446419454589],[100.06353974415269,20.38607575582557],[100.07213404828084,20.38893653791303],[100.06717641435763,20.374674874599727],[100.07875851451945,20.380136595569716],[100.0992974512303,20.3083383825167],[100.09126641750956,20.271213494977957],[100.10844564921945,20.25247812433937],[100.17099532067228,20.24553902243435],[100.18038965144619,20.26592731838673],[100.16913964178934,20.283535712155093],[100.16909452226894,20.300840446443377],[100.22189456080065,20.31864144430411],[100.226244402161,20.355065927305652],[100.24585930441803,20.367697042996852],[100.24945769104605,20.385056650988343],[100.26515282647415,20.398622758967043],[100.31384157080964,20.402150487535053],[100.33107236076852,20.398359331629702],[100.35501998995669,20.37879905905707],[100.35921213992346,20.355947133896123],[100.37576551326737,20.34985086023848],[100.38296611603876,20.313534710131044],[100.40622849609694,20.282132179297076],[100.41418540972772,20.255403886383554],[100.45253661373043,20.23246671549959],[100.45628342937542,20.198980027207078],[100.47935088953653,20.187659126560064],[100.5080878717188,20.150364285051644],[100.5279449121879,20.143791004599194],[100.55252521628877,20.17544727996088],[100.5778027331775,20.168893776101033],[100.57000534575234,20.09854245834567],[100.56056833324925,20.086083159838953],[100.55206772094314,20.03151702946544],[100.54185821491984,20.022223291138392],[100.5171063173821,19.942849679558787],[100.52255273617239,19.928788825017413],[100.51409312010605,19.908852265327543],[100.52045620928376,19.903330968286156],[100.50107694446856,19.882996406421913],[100.496689156144,19.8651938837391],[100.449650472962,19.84734416027584],[100.43847450284319,19.791062748210553],[100.4172512426316,19.783325434509642],[100.40409883688963,19.752216722970562],[100.40657643831732,19.736062077565325],[100.43773832533495,19.719510420519924],[100.4458185496679,19.707089538342238],[100.42773040166546,19.673056561921346],[100.44392730219808,19.662350771961318],[100.44654684374036,19.62948010369305],[100.48317638718873,19.61004238553163],[100.49188636927175,19.577908335431538],[100.48314369435063,19.548733803158864],[100.51273105155725,19.5239300758356],[100.54883031856741,19.5199621453761],[100.58072530500752,19.499296598519884],[100.59862199345741,19.510074244984843],[100.60300246297257,19.530683260722757],[100.6107900140004,19.535034884369296],[100.60842999614991,19.54784439585511],[100.65176539274685,19.557178954740493],[100.66077931787244,19.547716515395383],[100.67280141815196,19.54959168654162],[100.757739152011,19.5121129929005],[100.77168805401467,19.487565434147122],[100.8600628055572,19.573584453746303],[100.85803596612594,19.582605845226723],[100.88278755305315,19.60661323013085],[100.89238070850045,19.638082414070457],[100.91704121698756,19.621532139061735],[100.94023242745823,19.6260787541984],[100.97410853722968,19.61932327401815],[100.98286375248661,19.627355932551442],[101.01413582438907,19.62009406883273],[101.02405683135923,19.630565695319042],[101.03506752758442,19.62904275685222],[101.06213063779212,19.619550624532824],[101.0670843616861,19.60433475517291],[101.07912540002678,19.604840278174024],[101.09731239757609,19.58453054724626],[101.11452422544694,19.584948210241702],[101.12256863165302,19.57281847959483],[101.169438898661,19.58637133420228],[101.1972949918585,19.57704098799998],[101.20642551623384,19.60586243036797],[101.24396229754649,19.603499354252403],[101.2469122469744,19.594649628780388],[101.28074051933653,19.582501960723842],[101.28775686343967,19.5689674086064],[101.2739146331628,19.550781210596018],[101.28532930274308,19.526967602039345],[101.26756037293522,19.503659435180104],[101.26593845774617,19.469677450233938],[101.23649729924404,19.477783886132645],[101.21130928646922,19.47371199184077],[101.20539137283875,19.458218386249218],[101.21539732621252,19.43168897363321],[101.1949863355724,19.405850056178725],[101.19699177462239,19.39861172891701],[101.18709470263353,19.39843423695946],[101.2056178136786,19.349735951370665],[101.22848382596743,19.347786724588776],[101.24189989210184,19.32566312731911],[101.22745055603757,19.305897533962824],[101.259791704569,19.23053582562629],[101.24561817955959,19.179718968206444],[101.25794232055718,19.149224867648297],[101.25657380460167,19.12487767173646],[101.29396958721918,19.103951274379774],[101.2974873099979,19.093872589448768],[101.32528699408674,19.080555514182546],[101.35822265594062,19.051012939753228],[101.33615991760219,19.004209540343943],[101.30974160893405,19.002096090013406],[101.30532078737946,18.988376249109535],[101.2925139783149,18.980889892352206],[101.29494981016259,18.938905922329134],[101.27425616928396,18.930122066465728],[101.27509023347757,18.917952653857995],[101.25408351550709,18.906126550504013],[101.24688842761186,18.890465282388497],[101.25487643507651,18.847707570870273],[101.24563161646763,18.82796919947559],[101.25853250228019,18.808982064116435],[101.24900821943314,18.790651950601593],[101.25300228151289,18.772446513934174],[101.24395831182098,18.76986457427862],[101.23597568524056,18.74105660975333],[101.2239641660255,18.731341003258628],[101.2345069777552,18.71212389871344],[101.2572232679512,18.705621634671225],[101.27267965306956,18.6879446377991],[101.22670696771193,18.624569407073803],[101.18230072203305,18.61192074455185],[101.18314890445264,18.560319082084902],[101.14879400759622,18.55239828079684],[101.13847905387907,18.52737524638757],[101.10456254166793,18.52203945116746],[101.09153801192157,18.498862177136136],[101.09359910520716,18.479427876606504],[101.054102776431,18.44169987490159],[101.05270716258059,18.425499127381972],[101.07957273284678,18.404542663119013],[101.08511283408585,18.381156439320232],[101.13121951147096,18.366623231608962],[101.147843279,18.347640098410363],[101.1821925697428,18.340723125330243],[101.17937694270482,18.326545426758322],[101.14854921990396,18.295550753306],[101.16334979576001,18.27884792479822],[101.144477599278,18.259455552527907],[101.15944131213989,18.245854760874348],[101.16528324643794,18.217699876229926],[101.17958742515495,18.224569416273294],[101.19284773816824,18.21305310223051],[101.16117242420579,18.12349044995741],[101.17394041331879,18.075657390616378],[101.18454801791196,18.06560221599625],[101.16100150864686,18.030040322779755],[101.15167963263987,18.03716960888386],[101.12219425015253,18.000043023913335],[101.11755066725632,17.950685791439625],[101.1040535153211,17.946546413523635],[101.09553558059977,17.931058726750344],[101.07041438595397,17.913353066842642],[101.04729775488538,17.91277678954672],[101.01931836402301,17.89124624486744],[101.01737323186222,17.877949423197865],[101.0349306107553,17.86005114650829],[101.03248729376105,17.833793134330048],[101.000348930163,17.82269486578549],[100.99269441150139,17.80425941892347],[101.00639182781084,17.78393444267444],[100.99862520459385,17.770386674052936],[100.9778885459752,17.762650878459407],[100.97856788552897,17.752461499623095],[101.00706925975337,17.73173783553595],[101.00022009413709,17.6991921591335],[101.00924923283924,17.69971610850472],[100.99074930570256,17.66598043597339],[100.99603787942297,17.65796232215179],[100.99183398077096,17.619080124363045],[100.96899449649158,17.593333379420287],[100.96788010415823,17.571621965930543],[100.99273264987984,17.566787440926493],[101.00282514698353,17.55680010594888],[101.02385663281774,17.557662049492954],[101.0402010479002,17.541268771113128],[101.04559880484642,17.545119614665257],[101.04625262444536,17.530314459557545],[101.06073780589942,17.52704132616772],[101.06151943569209,17.51271218924139],[101.08000121338067,17.502871908236983],[101.10281779126757,17.509159415184495],[101.09401738891367,17.495774935313158],[101.10676633984022,17.49261210866207],[101.1103142025168,17.479862106293677],[101.13574276938807,17.483389821777777],[101.13105437606484,17.47307802315428],[101.14581364344991,17.478801131718527],[101.14968256263305,17.466816832930643],[101.1607861677405,17.467342366381807],[101.16777678990309,17.480437220814686],[101.16315268483142,17.491408909022343],[101.1827578386087,17.49786121745206],[101.17564989949871,17.524700482728164],[101.22915113083698,17.535905052211504],[101.23223086037284,17.554419382263934],[101.24144244464935,17.553207330231334],[101.24727307114038,17.561556035054785],[101.25948507457174,17.59824561748834],[101.27434721701424,17.611365095318863],[101.28023206960616,17.608030567464258],[101.29480126930059,17.630997654089732],[101.30983934296711,17.635520356881106],[101.305876223761,17.650467765193675],[101.34643215023084,17.659760369980233],[101.36125800364948,17.68126916697848],[101.3779366713284,17.682320374617007],[101.38241941265724,17.697971951957513],[101.40093792612731,17.682788349977745],[101.40817691549863,17.688753809527842],[101.40564690070507,17.700297726647516],[101.43047853449247,17.71555929735985],[101.41877262617452,17.72457919578985],[101.40107568749151,17.723738561304547],[101.40158386302136,17.734158018721406],[101.41973090960929,17.730118493350695],[101.42434328172561,17.737315462737133],[101.44605854157962,17.729025449455445],[101.45499040142313,17.74648398850739],[101.46620021242411,17.747192340367683],[101.46334558942452,17.754310011175733],[101.48235619571284,17.760485844957238],[101.47535911926535,17.74808055723596],[101.4909397980673,17.745994754295864],[101.4850630514689,17.726809677154787],[101.49115514748577,17.724301098648844],[101.50253034771153,17.745134291801357],[101.49728940166752,17.754943418936996],[101.52162599205347,17.77646508278421],[101.5383420443883,17.77518603682596],[101.5504090753814,17.788676089764373],[101.57437987671861,17.784857985496725],[101.56763707591705,17.8028789832972],[101.55159258740953,17.81038966341158],[101.57401060814787,17.86903286361087],[101.5923418166294,17.8491750055742],[101.61696853972916,17.8935942401178],[101.65021563948905,17.89664648448377],[101.69391834015879,17.913060848111343],[101.70917635113172,17.902987029571094],[101.72298127716653,17.91089955219987],[101.73288358682737,17.923361534261616],[101.72876113184257,17.948063903029336],[101.7540965680877,18.006577459298832],[101.75673378703017,18.03629554206852],[101.7808761827551,18.068139779178843],[101.82540956451106,18.059901040567304],[101.87387260050666,18.029100148838268],[101.90505145033177,18.030472303603116],[101.93881695290831,18.082341477907075],[101.95365155869753,18.092594684209775],[101.9541117357886,18.10376796069955],[101.99485808002348,18.12449575673664],[102.02536891361187,18.151942290879237],[102.04330353139349,18.198685367997623],[102.08466385980202,18.21978591786926],[102.11161709863994,18.21073540739881],[102.13452529035695,18.21585197504566],[102.1441102048802,18.20600608875288],[102.16396782771108,18.20349379729133],[102.18533465790834,18.148088853480537],[102.28838215049758,18.05899629216785],[102.34758278665241,18.045656867705908],[102.4251818370374,17.98738632250661],[102.47196238455736,17.967519239105638],[102.50843638473008,17.971290387161197],[102.53457932679838,17.963454621636355],[102.55529867178562,17.969977022630733],[102.59723265752106,17.95965269102269],[102.61322993556685,17.94316422870338],[102.6138409069307,17.916483939403722],[102.59169739745529,17.83867437253081],[102.63943249220956,17.83120720778326],[102.67675498606465,17.803728557581163],[102.69632026437105,17.817457711369364],[102.67616366989944,17.844131162958742],[102.68877706507223,17.870644188392955],[102.75966153025105,17.894569758820168],[102.78415791423413,17.93287608932622],[102.81889868496746,17.941689920262647],[102.86044579575135,17.973671793981616],[102.9544965445292,18.005193457522285],[102.98281030046462,17.99851125141821],[103.02103797382595,17.972648455576298],[103.05033364386357,17.991429365407434],[103.07954176063718,18.0371147418311],[103.07204063370484,18.075033279361925],[103.08056915659918,18.125561805690218],[103.14953185281537,18.17633521682117],[103.15550101064127,18.19808197631561],[103.15093737306678,18.228757291243856],[103.16813651163721,18.257758143311552],[103.29828301017646,18.304278532165807],[103.28880967047093,18.32427162816889],[103.25352176655629,18.336342060592138],[103.24244404928783,18.361512127557326],[103.30968165041888,18.433486592470985],[103.40997441940186,18.448931243620123],[103.45776761281957,18.42556619899072],[103.52547094034453,18.426370204497285],[103.57097638327882,18.405981419477822],[103.60637779837751,18.405351594150865],[103.69832545188505,18.3433902675732],[103.82385109924094,18.3362899811582],[103.85843170436844,18.28385065909644],[103.88598177953416,18.29383866059095],[103.92462460612248,18.32891581377711],[103.95133874624727,18.339034931098205],[103.97287967071826,18.337137848811818],[104.06093215205242,18.21888775526453],[104.10433742824536,18.1178451647313],[104.2137422994438,17.999083852162208],[104.27729646708656,17.86128825584224],[104.35368998266168,17.82456389411648],[104.40247149537697,17.742806729433433],[104.4717605854926,17.652012908319307],[104.70554377880894,17.526443377823362],[104.72986428216899,17.499216467079258],[104.73004039134764,17.48599080058335],[104.75229248763105,17.45160484831643],[104.79994808821107,17.394803380231785],[104.80677005450937,17.3122113883687],[104.80226375191918,17.17193955169852],[104.77921274910855,17.106009932438194],[104.72947836122978,17.006346845808938],[104.73627730409208,16.9156749651773],[104.76407096672934,16.848514738219258],[104.73729681842066,16.808120956788454],[104.76411833294645,16.699521287097017],[104.74390486876104,16.63562976960832],[104.73459545515749,16.56876217201267],[104.7430919341862,16.527639612980806],[104.77702210247956,16.493174099915723],[104.84436397626017,16.455802473352943],[104.86096003820654,16.426613099629925],[104.86259098677691,16.400059782936133],[104.88417636486037,16.371486668077736],[104.89229189248606,16.345916807210088],[104.92763251218373,16.334261809070306],[104.95776121846434,16.292450631656237],[105.01560956934631,16.24447461226842],[105.01153046094555,16.196159792992155],[105.0473017893065,16.101961733329084],[105.08326751929897,16.086434795703596],[105.10243207168497,16.090523495860534],[105.11937147022688,16.077380635972897],[105.13348473151179,16.0798122453976],[105.21940066700479,16.04782219817363],[105.29847518928642,16.039113884396908],[105.31245238899079,16.02976216508805],[105.3532736490431,16.029166483675198],[105.41800489477329,16.011983874715927],[105.42505538255233,15.99051578273438],[105.41603158104883,15.985799598118694],[105.39330884909297,15.991567685689402],[105.37605383172023,15.98262996514874],[105.3427664816207,15.921657309690815],[105.38863957745647,15.83108836256624],[105.392670326993,15.805427006555513],[105.41980239748314,15.789435895891062],[105.42074789733513,15.772969920117191],[105.43561626024427,15.75499334218949],[105.46758593031133,15.745767064990753],[105.50708533510415,15.766848861689068],[105.53303713075361,15.748643084729414],[105.55204376886033,15.75029551651979],[105.56020570384118,15.738906324187308],[105.59638056940778,15.724255702608506],[105.63677138730105,15.65175149216157],[105.6249771272288,15.563698171817476],[105.60826042853725,15.546456986340965],[105.59307691615871,15.509981427650036],[105.60299698983201,15.479599097164796],[105.5917055793523,15.425431964824956],[105.56132245104925,15.39888749574803],[105.49295751447303,15.385804740723723],[105.46802897559209,15.351730969451525],[105.47319316799107,15.336110213826776],[105.5038706004808,15.315858219750318],[105.57422098438333,15.328528045064246],[105.58481291669605,15.315552013292335],[105.59226200799257,15.275005710053309],[105.58370225617625,15.26011403571506],[105.55933182816025,15.260914706042609],[105.55670349279414,15.246552964552997],[105.54018764545563,15.251674303967311],[105.51608662624977,15.218907494829589],[105.49422726551776,15.20413717653885],[105.49467800463343,15.192090285112403],[105.47425396824399,15.178036567951393],[105.47842989891755,15.168339522894753],[105.46910484543396,15.158472046281114],[105.4858273519763,15.149891804248218],[105.46769230642809,15.132451872069177],[105.48563864223952,15.113380858116644],[105.48413488886952,15.096792024664207],[105.51568356761956,15.085103013814402],[105.5140113177052,15.063654452191354],[105.54245782948375,15.069914517126428],[105.55463246410305,15.06422159643055],[105.54687425877916,15.0383973919361],[105.57243630869435,15.020604326482701],[105.57489516602334,14.99853465838439],[105.60413605735685,14.994081437052202],[105.62452737936438,14.975292771939651],[105.5967772965277,14.962509229711273],[105.58344396108834,14.940788105826798],[105.56806580966354,14.95501323199904],[105.55318052705996,14.95141229859062],[105.54556469275173,14.925934695509387],[105.55900578302018,14.923179187676725],[105.57997372923685,14.878591988252662],[105.54817981870248,14.872245435185752],[105.54373059354502,14.860930024213946],[105.55972846044835,14.839250140508463],[105.53698311506493,14.819051700761023],[105.51928084262798,14.822757368360445],[105.51127443531277,14.799279345133687],[105.52523449093397,14.782873903567955],[105.51422551838934,14.7733901883149],[105.51286596196073,14.753295900336038],[105.54695574543823,14.730973749177421],[105.52057920747085,14.727759980859503],[105.52478088716387,14.703695817922643],[105.51551845774138,14.697188601761946],[105.5274275459539,14.679701697839034],[105.5167292829869,14.66733951731923],[105.51762740523799,14.65249378436206],[105.53068144300616,14.642198789080277],[105.52541136779737,14.633198577553287],[105.53021257165612,14.623072799057747],[105.54231377647814,14.620670512994305],[105.5300971178443,14.608180599086241],[105.53892788186239,14.583573570193447],[105.52920405866516,14.573270997803508],[105.53446718458403,14.556397476944282],[105.52382447921666,14.551488134460822],[105.52635583611158,14.536821842327287],[105.51699099362132,14.538724937083654],[105.50081462352234,14.513063869405245],[105.48087090161046,14.506393758514383],[105.48898218093497,14.499998881208112],[105.42967796015637,14.415942723914391],[105.40781637094301,14.423878835210003],[105.40017647046447,14.408892732851793],[105.38721408867664,14.41044177530817],[105.38654362751755,14.395821160428724],[105.37220686800536,14.399416272791173],[105.35723573608946,14.385656311271164],[105.31934683615145,14.393124712353305],[105.30306878264831,14.365919596051823],[105.28374697264707,14.365558587072206],[105.28071430512857,14.3535780500264],[105.25343913813657,14.361567115489793],[105.23548435831592,14.349758967879149],[105.22716795620305,14.332755183862236],[105.19608119361763,14.346937191433419],[105.1747275293059,14.343283809627346],[105.16648302628141,14.328435455756674],[105.17610928642506,14.311753718559684],[105.16107985148001,14.30090851809405],[105.16044447050922,14.289220560298073],[105.15056454704063,14.282289257293694],[105.1542201316996,14.269893995649275],[105.1435211091717,14.262003335172862],[105.1546950233094,14.259348539007343],[105.15345250912573,14.25175490999569],[105.1278749850446,14.224937418045972],[105.08303555789054,14.209348515012831],[105.05021886956212,14.214561634632917],[105.04611025611928,14.22692567953527],[105.0222887022824,14.241714668562116],[105.00230610547418,14.301578526596067],[104.9815196706961,14.319731415824872],[104.98959558554021,14.324259800817552],[105.00147314547813,14.36235762228459],[104.99181192464013,14.379565093974513],[104.95932213408396,14.39092857258355],[104.94894628431699,14.381324161458586],[104.92307491401456,14.399949856768295],[104.90559849054462,14.399450773581629],[104.87109328228871,14.41731414174569],[104.84128668844491,14.403104515254327],[104.83813883383192,14.413286318388648],[104.81788339457921,14.41791666571628],[104.80512571168315,14.437263149689308],[104.76643477093414,14.42347818118231],[104.75300194643329,14.402759094006202],[104.73478128684484,14.41312694918447],[104.72540714965965,14.401728132074549],[104.72342550185195,14.422955471268876],[104.70928860196587,14.431575417298063],[104.67960436047304,14.390568981546826],[104.65824445290825,14.401041487684244],[104.64554527395394,14.42267180602764],[104.5828799455812,14.376888808295172],[104.58213576886106,14.356799961194657],[104.57110306781574,14.359275934572372],[104.56291544147427,14.35198682038554],[104.5353247057095,14.35365228010759],[104.50145881726105,14.37385228826276],[104.48214920558661,14.365902627925065],[104.47917165443269,14.351678827830161],[104.46536824877624,14.344850321886806],[104.46179064639308,14.359474779969878],[104.43648702025591,14.357146931139154],[104.4158862522875,14.37167572352287],[104.40687765479397,14.365837490860727],[104.39684008403759,14.374408815799605],[104.33222084385751,14.368833751051078],[104.27617061490292,14.408600014314606],[104.25231715879153,14.391968633981838],[104.24513433258302,14.375095122368451],[104.22915443805627,14.36866391924643],[104.21184515174464,14.36800694070504],[104.18907784503857,14.383254565555944],[104.17308868256316,14.375977826031956],[104.17615925667866,14.35855730481004],[104.14098820342248,14.352147655356928],[104.13804928072457,14.371808561515268],[104.13043409830672,14.375645233461908],[104.10166698381836,14.36826919928478],[104.09362066678794,14.350457235869456],[104.07018672446158,14.342418836663107],[104.02945052239677,14.337747681472164],[104.00521770789089,14.355047353111019],[103.99430905988629,14.344308466177058],[103.9821038088783,14.353773625808095],[103.95065586065985,14.349570559312333],[103.94966514610607,14.331863627567746],[103.94233978001347,14.329036079150352],[103.89975801496529,14.337332037262623],[103.8986721266028,14.344746717693026],[103.88250105436327,14.337807829999246],[103.85919620634989,14.357245773208426],[103.86258506585955,14.3660965570346],[103.83946815258109,14.371517019690584],[103.83033485943808,14.362948180775435],[103.83081668026692,14.351364538191495],[103.82190830974655,14.350020027446975],[103.80469062236176,14.35246906176543],[103.80314546855746,14.367705118840068],[103.7756430276254,14.360045305219412],[103.7582299504787,14.37647143002455],[103.75373921467909,14.371219399379141],[103.74645856886468,14.377707465073101],[103.7048279131454,14.376962695438904],[103.69834510301183,14.38894874397086],[103.70691867853925,14.43281701493076],[103.65749944934004,14.437820114107373],[103.64188609534774,14.421895421553748],[103.65720001836921,14.417867484764717],[103.65417092262585,14.409401036325864],[103.61803792926668,14.397488333270223],[103.6084495415102,14.41644981522727],[103.59725309064606,14.414280215602917],[103.58356068379976,14.425313959292934],[103.55919450432421,14.42334564279306],[103.52852776137756,14.410216310945932],[103.52381216676751,14.399894157513607],[103.4986830862173,14.397713746805797],[103.46748935774514,14.364371979484416],[103.45026908375714,14.368444459671366],[103.43517071592537,14.390472638353353],[103.41596505304418,14.37932493320412],[103.40909646588675,14.357489206841173],[103.26909978185067,14.349199101559671],[103.21857353479865,14.322876852544228],[103.16845286943564,14.335308475862103],[103.15355596784205,14.313919134445628],[103.13946916812625,14.324185282613273],[103.12832712220714,14.318501291435439],[103.1272894344511,14.302937575074397],[103.0566547247949,14.285004864216646],[103.03672537617702,14.241939635706931],[103.02181404948558,14.229098413473434],[103.01221068517368,14.231277243952615],[102.99877695366779,14.213992951911278],[102.95206478325922,14.206117805634861],[102.95876437132827,14.19736695716873],[102.9474419727476,14.195836626447514],[102.93035675952842,14.175651232360265],[102.94173795731254,14.154553118035102],[102.92535862939971,14.132179016733948],[102.92368479140329,14.105922032293247],[102.90122954674082,14.082928737221122],[102.89785674177963,14.051364078720813],[102.91163393943117,14.017612406075738],[102.8675996097606,14.004157716172424],[102.78325152346282,13.932903563257804],[102.76696245202866,13.856716185671354],[102.7236000537036,13.792889297777787],[102.7325688555257,13.785338756204926],[102.7322393221468,13.773487238269926],[102.7122275186706,13.769610455679357],[102.68771809256889,13.750456902898367],[102.59103336820424,13.706646259898719],[102.55119006191208,13.665080750080415],[102.54842803301483,13.658662582343787],[102.57012760915059,13.643491985767675],[102.57545934153767,13.629789476530737],[102.58642552509288,13.63024269956242],[102.62115339652733,13.613248163644851],[102.62454146686493,13.608042896684445],[102.5799736126923,13.605035533490394],[102.56279516717332,13.578622226630399],[102.52666787029752,13.564115223934172],[102.48964755889551,13.572563045458653],[102.43915685149493,13.560013891313414],[102.42461351337144,13.570144515484087],[102.39535992351105,13.56636404808208],[102.36534662310343,13.577731923258593],[102.35935579653129,13.564744776201355],[102.33907797038006,13.55690220184204],[102.33722911300123,13.54300589423696],[102.36327011503585,13.505453143927237],[102.35543049297827,13.461238146948277],[102.36044881501266,13.401326872296103],[102.34525063785094,13.34795440387211],[102.35971566615692,13.313949458898948],[102.34963806476058,13.272833329767014],[102.36598045684286,13.262829933924168],[102.36641464024719,13.250603405051757],[102.3773063499817,13.24131142161405],[102.40138818697,13.151870732499424],[102.41706371642442,13.139432152883987],[102.4168510532321,13.123061518739208],[102.4353383482014,13.089572647102253],[102.45920584827446,13.082753608269718],[102.49431446069526,13.013603476355838],[102.53009559334419,13.00212117568263],[102.48558264715055,12.979234324800005],[102.50144449245694,12.960890176203385],[102.48601931936552,12.947919458391048],[102.51062365236788,12.895892160708325],[102.50777385956144,12.865775355300874],[102.49792281418785,12.858439914178247],[102.51634674742961,12.839276756546802],[102.51556177904722,12.822692642872482],[102.52957072351069,12.817968904334831],[102.52806977891836,12.796813876721835],[102.53642576116017,12.784560091794297],[102.53270304966996,12.767067363619711],[102.50045673973275,12.740297683948128],[102.50396369757401,12.71363571513174],[102.49729960142024,12.70437998824689],[102.51014825540909,12.691514268630907],[102.5051553878298,12.683395675284725],[102.53343633653463,12.652949883719083],[102.5683311592471,12.658110957494847],[102.61688653761726,12.615587598128194],[102.64592353787633,12.610956015416821],[102.64453335393321,12.585754248191087],[102.66185290978699,12.583089812292151],[102.66879688499196,12.563455408296585],[102.68548122346306,12.548797361208752],[102.67805175308261,12.538800827712985],[102.69249512127281,12.532638991094803],[102.71127490256389,12.508358849283137],[102.72871584857945,12.51194969629752],[102.72071691973241,12.486333870878092],[102.73523143671554,12.488149644808338],[102.73747868507635,12.465728861148671],[102.76630106750369,12.455968913469762],[102.78585633326489,12.422160002784514],[102.78456710962247,12.400499462219859],[102.74252085461643,12.386684377116286],[102.72647411513809,12.365303275479215],[102.72741340137266,12.302990429656893],[102.71391346282692,12.263099526605018],[102.71933146784207,12.227813835732476],[102.70516125093926,12.172601107307443],[102.7366421555274,12.107777035753974],[102.77080398015502,12.074109967777323],[102.78049738207297,11.989520850033006],[102.81572829951537,11.93383576208861],[102.82037826856191,11.890038683948497],[102.83316610120181,11.857696661626578],[102.85344218775903,11.825957974575655],[102.86258953372844,11.82395183852077],[102.86674074730706,11.806145010382185],[102.88610349589163,11.800211497320124],[102.88176913127313,11.790385202513145],[102.89247929086103,11.78718963075831],[102.90437825939115,11.768927917742726],[102.91201132652677,11.745681642727476],[102.91400072926795,11.650955179824647],[102.90578092593967,11.655864504304004],[102.9007096863954,11.687032412523473],[102.90685759835857,11.712296606713327],[102.90100109335255,11.732433605307314],[102.89362141640389,11.731950810100159],[102.90048358296761,11.735529293862783],[102.88983494762601,11.758948464964835],[102.77422877294428,11.913041725965252],[102.78483649377476,11.944132344505439],[102.76591571107953,11.983405171496646],[102.7713289823344,11.990040212988193],[102.76594660493944,12.023000031660365],[102.72608030648409,12.068459803499518],[102.62589684825078,12.148484226682626],[102.63043097697627,12.15687719325221],[102.64838683633681,12.156832066971091],[102.64143277962388,12.180132880495048],[102.59115729231152,12.210403493612302],[102.56085039564489,12.196568452373237],[102.56675846770015,12.190978007895426],[102.55712286050338,12.183497304973926],[102.57346955586836,12.165110507087926],[102.554480716124,12.162191691243082],[102.56166554994631,12.142339408693928],[102.55597569225304,12.130925720788365],[102.56679772564124,12.117059227377654],[102.55886691298387,12.095451125344294],[102.58396815025361,12.069284597563339],[102.58920263082612,12.053798365625292],[102.58396114987517,12.043199600287501],[102.54764378348283,12.058718912398287],[102.55137236872797,12.082771911481354],[102.53801882647507,12.10632454532839],[102.47233377553356,12.143625314229077],[102.47151985571345,12.164821736668635],[102.39809656032203,12.16800256982602],[102.36827563121635,12.19355523562241],[102.34556543719783,12.199456163805232],[102.32608712661103,12.1901127214916],[102.32566080638215,12.180174272839443],[102.29085210011651,12.189259529274084],[102.27704813379303,12.205058397485338],[102.28663137643916,12.239094638983323],[102.26096386992769,12.270918322247917],[102.26562764223914,12.276618572353668],[102.25417208518952,12.306622482593296],[102.22339863867904,12.328619189140404],[102.17021737419243,12.389693763131097],[102.13719164015595,12.411589842205359],[102.1192758278679,12.408066607359503],[102.12427615434282,12.422896491914033],[102.08061595769722,12.471492914891556],[102.06133666400667,12.481663369866274],[102.05592854376572,12.48163884105209],[102.05956178503548,12.468795438585607],[102.04291142885106,12.472832454156167],[102.04675371333329,12.490141793148759],[102.03546907388905,12.489038592458574],[102.04283633748871,12.492478377571025],[102.04109925073503,12.501150647184728],[102.00836230742603,12.53013685960502],[101.9808347762962,12.541921486160183],[101.95832305392213,12.542020052706631],[101.94737786041968,12.537000150123717],[101.94864832525043,12.516489672798219],[101.94461499340956,12.532236720498448],[101.92888663741091,12.536545457600923],[101.90846826181917,12.562570471769],[101.88935598310779,12.569879470357629],[101.88561554675917,12.582074027296686],[101.90016811168671,12.573289137723204],[101.90961159261043,12.577082878920248],[101.9048131267595,12.596941359901965],[101.88319207739924,12.601896907425047],[101.88306810360531,12.587888109125728],[101.85279504027817,12.653435007274608],[101.76746357436566,12.703400809204632],[101.7248013947555,12.705610189214545],[101.70444301361,12.698151421077263],[101.71071497009252,12.695945405626132],[101.68778873302404,12.694213649875218],[101.66021950551864,12.671753922570486],[101.64591512796451,12.64235394616568],[101.59337545652578,12.653532996312428],[101.56661078622265,12.647945387621727],[101.56555931889466,12.631880543428789],[101.55647993919472,12.627326014642186],[101.47389189692917,12.633500287445742],[101.43707359370377,12.626927391426644],[101.42299860938043,12.613595038840952],[101.41831972337954,12.583078908627659],[101.40183905459628,12.601461372012949],[101.31985118785458,12.641405017597933],[101.22469893775603,12.666755121477932],[101.16093006031049,12.67162229467054],[101.16626467121176,12.639948325856794],[101.15708246283907,12.640079996972908],[101.15151885476592,12.673528992726219],[101.13874456409992,12.673841769983861],[101.13519203840482,12.663553753737508],[101.14176981344337,12.660249441723217],[101.14012325410897,12.658405918385377],[101.14671366617962,12.651526754910487],[101.14773535447208,12.646909989300248],[101.13248951256331,12.665323936231513],[101.13207886651448,12.67539719589047],[101.12193021454917,12.678001755255078],[101.06605045363827,12.674761570730846],[100.99846131253861,12.658132431317316],[100.96819821014383,12.644508574397486],[100.96331179407866,12.594927171305779],[100.93545655173975,12.60928645476163],[100.92476363610061,12.606619335645863],[100.91394809439538,12.628221764531164],[100.9276288521771,12.631559880979603],[100.9304619029693,12.645848464618574],[100.91791832212512,12.65843330056721],[100.90346117057206,12.662398222194128],[100.84986188267703,12.649836519135878],[100.86174586538975,12.667343968532675],[100.8557873481852,12.676180289141218],[100.84307225171871,12.670242146854543],[100.84078471136249,12.675700547228823],[100.84044217742458,12.683694859087957],[100.85059409335439,12.688514287834918],[100.85743723561174,12.693713359905697],[100.83766838365669,12.697454485240865],[100.83384575803976,12.733349500967963],[100.83977710564616,12.751609404283366],[100.86985446949213,12.769588200191393],[100.87902511070618,12.760693765584213],[100.89328985231987,12.76603751954968],[100.91337243804955,12.806656088741871],[100.89833076231169,12.856103336121725],[100.85589559563533,12.91856670415219],[100.86208041978314,12.930067625460014],[100.8692742776596,12.925163268088905],[100.88217593080589,12.936000032253322],[100.88306647478991,12.970771009236147],[100.90842190842037,12.976084361912946],[100.92773924626978,13.007957575244054],[100.9147513292228,13.045064391220077],[100.89285993264787,13.038972280620952],[100.89049854727733,13.047084867973638],[100.90663753287313,13.051811119623432],[100.8890225902856,13.052035039865777],[100.88456340415246,13.05998178625952],[100.89640069144164,13.070923508285428],[100.88239475803647,13.063571517695548],[100.87838670827526,13.07120421027049],[100.88606070181105,13.076344576368998],[100.87254098433512,13.076288151960963],[100.87184536922875,13.083514045575031],[100.87839864115668,13.10865371101655],[100.89732525024809,13.122664392490552],[100.90052981092512,13.143805711880749],[100.92521802664325,13.168800533618127],[100.93642529114838,13.202845906137066],[100.923547315453,13.268949922573134],[100.89751249628868,13.301854272975609],[100.90219172432234,13.316619055591223],[100.91802998814907,13.315504390154757],[100.92606444034573,13.34130940601612],[100.9354667605342,13.338526378960383],[100.97011655521757,13.352668560229603],[100.98597644225339,13.381425167083874],[100.96756467697627,13.432897658805258],[100.96994135745871,13.455360827534182],[100.95543052599122,13.466987952553147],[100.92056912997467,13.464307762067152],[100.79077791191479,13.493011915495346],[100.68119578933093,13.506234045897953],[100.63117408523765,13.52063860627248],[100.61188939001734,13.538899895322167],[100.58447553904814,13.53926838777652],[100.58674476693739,13.529857532045192],[100.57392765355239,13.515803750440828],[100.53165362107663,13.506213547811104],[100.52024676528988,13.510882916701414],[100.48848288052838,13.50109185454565],[100.47132127181479,13.505193692694647],[100.3628211395416,13.487569252148353],[100.33014279378395,13.486487678258644],[100.28185269576713,13.506643425063077],[100.24569806018559,13.473283630175477],[100.06438202835858,13.420450108577482],[100.0476458235838,13.408646374489699],[100.02563182151822,13.363733077647181],[99.9991106832988,13.368097821788313],[99.9976290262544,13.330859763816838],[99.95410466227862,13.30458617852821],[99.94127567331927,13.26637353908805],[99.98541453751761,13.235278080395],[100.01889847134889,13.185437478423921],[100.06603353738615,13.158124176291816],[100.06523028939867,13.084232047023423],[100.08268646292323,13.060665253477772],[100.10319262671018,13.057791894782918],[100.04006769483621,12.964982144486275],[100.01555279324417,12.861308055721786],[99.99407808942411,12.823098129904368],[100.00252619900071,12.8143281794369],[99.99205489770627,12.817947362752962],[100.0020684773351,12.812426690237867],[99.99602369348098,12.815151661624636],[99.98740232799483,12.802939379069347],[99.96460351504717,12.728198656630248],[99.955857942903,12.58784541140584],[99.9714319713712,12.530707665942526],[99.98517669437368,12.514187201341315],[99.9749634210799,12.501181493467177],[99.98402957454313,12.450952534361225],[99.97971470403037,12.431700099706498],[99.98772669943838,12.414447853566529],[99.99516699752348,12.414306991519942],[100.00278680070205,12.33592379233741],[99.98697149429478,12.31711307030395],[99.97399609246878,12.26749028429021],[100.01989429533795,12.189041091696701],[99.97507280291491,12.145917038096178],[99.96108086051566,12.111427467731643],[99.9679825309058,12.098717587026371],[99.96291238071917,12.087075449691488],[99.94105234864368,12.079940645595237],[99.84259656769966,11.961849165660679],[99.81215289488487,11.882151217189632],[99.81685165844866,11.86483163035244],[99.82560200279377,11.865652632493072],[99.82435979019219,11.851194685117015],[99.83514649017299,11.843445286773653],[99.83319397409238,11.830605865193663],[99.82855403005627,11.839039628097986],[99.81717401259411,11.83894798829896],[99.79845402822322,11.817743607245209],[99.80197040233841,11.79765454112855],[99.8183671051054,11.784884941895516],[99.81335135374776,11.77679546915009],[99.81361746087084,11.784124742041234],[99.80341975946499,11.782446473379151],[99.79570849345606,11.769637195666975],[99.8111667248057,11.737955821564862],[99.78925319407615,11.744270878038703],[99.72749686274696,11.683444332053709],[99.63902356011904,11.518808739634565],[99.62760423419006,11.47075514381551],[99.61478478555074,11.454652314407097],[99.58077791994809,11.35735162440956],[99.57094974477697,11.355900350443331],[99.56073807139106,11.336835481834715],[99.55084971283904,11.26681187934042],[99.56380333462056,11.226855125258718],[99.5823303751271,11.212205669818774],[99.57939667209259,11.195439305190831],[99.56666284965688,11.183162418275499],[99.55913566890146,11.190387694488686],[99.56316612728229,11.201911555879338],[99.55367184787053,11.20609166989912],[99.52486484872281,11.198829429762363],[99.49912894143725,11.168983777954363],[99.48657722824551,11.132212034941608],[99.50274588106107,10.992126877706019],[99.49204310614243,10.978564402035007],[99.490062324068,10.943506926686563],[99.51936463531847,10.895655078519727],[99.50835067745294,10.885418540621137],[99.5096290143936,10.872701664993714],[99.49729112040332,10.861252672095842],[99.49711574641779,10.875154139643174],[99.48455993931177,10.88874855856383],[99.46675644293533,10.871356012004773],[99.44130205543317,10.87170398677247],[99.41301382212268,10.762509003479057],[99.39384499174346,10.744824550637514],[99.37956164617285,10.707880164044461],[99.35914018203499,10.690896869328817],[99.3654536429084,10.671063436066358],[99.35850105829523,10.665130518054736],[99.358966458836,10.675419242428912],[99.34784538268259,10.683358456965003],[99.3205109035945,10.671072524757738],[99.28142375293575,10.601905081466207],[99.27370531582919,10.542606195276578],[99.26119015511598,10.537018458116302],[99.25190623702706,10.54226411615111],[99.24497603319207,10.542509817441466],[99.23820096321359,10.533973893339],[99.2434674023229,10.50797029005521],[99.2674795619841,10.515267939206105],[99.25867136544416,10.499773428352624],[99.23233427924055,10.496132789379622],[99.2291459933814,10.469460420507797],[99.24030895225167,10.448731448168806],[99.28388109217993,10.411609302550337],[99.28452106171001,10.364323188203011],[99.27242785998293,10.353095663017864],[99.252715967482,10.36239759384077],[99.23881775429025,10.343874978034131],[99.21703710726175,10.365935997246073],[99.19502784610889,10.373932709580679],[99.16336138167983,10.364904302174342],[99.1461445662272,10.34902126882584],[99.15407827337637,10.330741782800398],[99.15189663131426,10.297722612824934],[99.16806455746786,10.285369869692037],[99.1646624598065,10.27883253033525],[99.18875296021479,10.275437116632123],[99.1926364426398,10.265245791807478],[99.20618138413555,10.270866323237525],[99.20313392617034,10.250929800299668],[99.22107577370123,10.226703299747031],[99.2386401186471,10.238002652477915],[99.24725757756435,10.234607741744524],[99.24181060997108,10.226003122050372],[99.22930141060912,10.219659862670438],[99.22655322431147,10.214253606726789],[99.19247507387777,10.212834598935824],[99.18254079710016,10.175633881743039],[99.17628474248721,10.174050228555087],[99.16818593401474,10.148983304331688],[99.15413356050529,10.141415907563642],[99.14738881656424,10.120377863634388],[99.15687138877075,10.081696008750205],[99.15232723042247,10.069424708963192],[99.16821031390407,10.044307613413071],[99.1821513794644,10.04305617065068],[99.18252303866356,10.03678293424404],[99.17334529650473,10.028635690212365],[99.17635678163275,10.007671117726842],[99.15958844587091,10.010809085631841],[99.15061546267337,9.987878107893343],[99.16055274356526,9.948820352664368],[99.15716973674412,9.89540311260449],[99.1655283222656,9.860029810142382],[99.16284102004194,9.847768622232302],[99.14934539011648,9.844687067584784],[99.13885428278755,9.824631264018214],[99.14631242330266,9.742243423471155],[99.16937463355576,9.658984815585578],[99.2093333086242,9.60160337556921],[99.21365757742296,9.553824081427218],[99.24476600751882,9.479325149268927],[99.31342945818393,9.392229953921543],[99.31302002788051,9.385170238892545],[99.29319120958246,9.403691245378518],[99.26248908402005,9.360980133279316],[99.23977554626914,9.353790334574786],[99.21669042273871,9.33134346332996],[99.2239219120494,9.256200308466584],[99.23971866381066,9.235073318024664],[99.25751412307416,9.233456483698408],[99.26258088902918,9.220217052262388],[99.3195954865043,9.246127565225228],[99.31638504699046,9.235899852415852],[99.32317773717062,9.234573775530533],[99.3144818957682,9.221326730788922],[99.33674425886483,9.226654749876314],[99.34479121429182,9.220929902754206],[99.33837745787702,9.20932601184542],[99.36274521461101,9.215990964471285],[99.35984771174647,9.202187305879164],[99.37009838992988,9.189633886205844],[99.37513590759727,9.199674216703498],[99.38291149108947,9.193081145939148],[99.41427095208506,9.20571482715389],[99.46665873277867,9.19871906371294],[99.4992284326093,9.220885279054091],[99.5074118594996,9.257168937436024],[99.52959949233666,9.284222045291747],[99.61029388212522,9.267891568766126],[99.643139559231,9.302039250197417],[99.68164146781298,9.311827066057221],[99.68155451088879,9.337776008105243],[99.69187842002599,9.325672790820084],[99.72484472776651,9.311936590955266],[99.7447815777703,9.3292863591997],[99.75516091775884,9.316128972879053],[99.7717587164942,9.3218395074952],[99.7803809489718,9.308848175420943],[99.78573089000358,9.317410808958657],[99.79221054413384,9.308969016589518],[99.79607236136461,9.317517385693014],[99.79717259985549,9.308708554732682],[99.80122820076933,9.319283661741736],[99.80572724112413,9.314846244362947],[99.79934618825158,9.304919052165745],[99.81738010648542,9.296930525498484],[99.82999044540436,9.310222971511712],[99.84347109177739,9.293817072674695],[99.84787745399407,9.254388034731917],[99.86382419489489,9.248313371311662],[99.88144640391658,9.209231755949357],[99.87572664571684,9.140128668983847],[99.9093774043299,9.098601002036233],[99.91379187348069,9.022837738390702],[99.92932706066846,9.005506836078402],[99.91639118145426,8.994839438002513],[99.91450845945054,8.923189286620756],[99.9581452927866,8.615853243158538],[99.97126525598809,8.589129356634603],[99.98945340624783,8.594576642736655],[100.00911693351657,8.57873683879495],[100.00573444532935,8.566387379054198],[100.01558103167052,8.562632532243898],[100.04695059989437,8.517143678729328],[100.0872135135582,8.414540637537302],[100.10788601263643,8.410303794152226],[100.13805530820397,8.388312988871025],[100.17330442614207,8.388087234622372],[100.15294440903058,8.414437019970675],[100.14727146059845,8.44334610098564],[100.16516368893555,8.483862134208614],[100.16342441096887,8.500411467230343],[100.1131223275904,8.51876663119187],[100.13679294377216,8.519653935367987],[100.1679629092209,8.503790512751724],[100.21104440873073,8.449487454284794],[100.2775851826477,8.250623625849332],[100.35787824028164,7.827702519296625],[100.42957105809481,7.532681532986299],[100.46673212960044,7.412816923436991],[100.53481107753896,7.2725915791840325],[100.57511546895564,7.233452514653813],[100.56128169537607,7.237415251206226],[100.56557846907317,7.228477713225216],[100.57503194801518,7.230093693315643],[100.56892856487559,7.226701048955337],[100.57445237077609,7.222503147564826],[100.57726221301915,7.224509062333714],[100.57685471252287,7.227202038502255],[100.58132463148699,7.231579921238899],[100.62289545595937,7.182299056519798],[100.7382676710142,7.014530372166191],[100.79699172428155,6.96167776858001],[100.82916709289012,6.951307555938655],[100.84946846763398,6.961636010605926],[100.93529945519637,6.8894025518546655],[101.0147880249645,6.853706100541575],[101.19229508455432,6.866020761794337],[101.22479812793581,6.87737657003381],[101.25213575404459,6.904551238461224],[101.28439870785026,6.891228478254768],[101.28687618097952,6.878609883667014],[101.30913608044756,6.8864345693636535],[101.33587041868662,6.8705185831211875],[101.33379427519833,6.877238272227273],[101.34664932489376,6.89012271336509],[101.34306901668214,6.9103801035877614],[101.33009813436944,6.910354465559705],[101.32437570937265,6.927937969391592],[101.31434733813566,6.9221348297431895],[101.30151540799068,6.9274475604007595],[101.29531926862516,6.937706801374934],[101.28492987397105,6.937827567344364],[101.2830818893603,6.948761790083791],[101.24229834932004,6.935781254540824],[101.23664164919444,6.926617773141046],[101.24611460896963,6.9421240260693216],[101.28133812027558,6.952126519881623],[101.30998057709162,6.940190851681892],[101.36203168587909,6.90205517896392],[101.44732409197618,6.885350016264139],[101.5202454870717,6.860555183019471],[101.5262953286352,6.865017248171465],[101.54419393212133,6.846359884608235],[101.55759332024726,6.845412225423955],[101.71940228274839,6.584920136597907],[101.80864338018736,6.46083415851689],[101.85497397153776,6.428071594438336],[101.87446860168305,6.424653877635193],[101.95817835232033,6.333681238206719],[102.08904838609969,6.244874954916185],[102.07746982081575,6.190805144379415],[102.07851671340731,6.170964292390933],[102.09325774305205,6.148193211956977],[102.08919850484284,6.13833372967545],[102.06123573952642,6.102818350454828],[102.05411365351631,6.080181728608027],[101.97781529908161,6.030829379776592],[101.97252843615468,6.005583066206421],[101.95203117558074,5.986979194705263],[101.94791587530656,5.990339232939072],[101.93977458933614,5.97255052432324],[101.94443645371021,5.954540479669964],[101.92950141343482,5.949056757109963],[101.9312214047902,5.931990907225734],[101.9212791572203,5.918103432357949],[101.92219143191531,5.90998162305596],[101.9332217249484,5.906740053518185],[101.94313888643478,5.871902976391912],[101.91713786583549,5.842941241292722],[101.89569230990655,5.845812064016527],[101.88425086539166,5.837823509543373],[101.88002466767031,5.809754386636215],[101.860925532507,5.800323253904461],[101.86678430305832,5.791550132803155],[101.83636154088542,5.789438107557308],[101.81859482553466,5.756504856340478],[101.82666108790035,5.747050929356358],[101.82386041873737,5.732359818324666],[101.79243607320335,5.751055035908606],[101.77539132310184,5.7689764500633665],[101.77638713608034,5.783570355338622],[101.75414744662253,5.797153362039275],[101.7384532475129,5.7822569245831765],[101.72191710060682,5.7801654636202855],[101.71762004616572,5.788055098634441],[101.7146941608515,5.763953623215638],[101.70235011614082,5.75298886885778],[101.69030792483304,5.755895137469412],[101.68734627482087,5.78138177696809],[101.67193024458787,5.7871189307676225],[101.66728982612977,5.808645530545306],[101.65762167948758,5.812557707604192],[101.6584495496269,5.874937489993596],[101.64162729890424,5.870239541731125],[101.62279047933879,5.877138807846987],[101.61510617936902,5.910916710804918],[101.59757648955879,5.912079482992139],[101.58108960501036,5.9345097781153475],[101.55906503039398,5.9193154961710555],[101.53960660872835,5.918994839583222],[101.52359577211001,5.898727233547807],[101.51309785962323,5.9031445367464315],[101.49404852919467,5.881883697818109],[101.48711648302245,5.883204768676983],[101.48587097491533,5.87050676569225],[101.46478897538074,5.876803118157121],[101.453509175297,5.867689681481425],[101.39109424803529,5.875683988461825],[101.37352026845952,5.832417284120687],[101.34922997807297,5.826490230854385],[101.34552103905408,5.809079068754097],[101.32438095324235,5.8137322751122555],[101.31058325581265,5.802466742576929],[101.30456106979327,5.814160952430458],[101.27650549950624,5.812388944414977],[101.26359431800029,5.8009176962082165],[101.25019161521494,5.762115022873593],[101.26085370743036,5.717709012335281],[101.25068578899096,5.699186112416734],[101.21814357965584,5.687952728913935],[101.22171635086303,5.67536405764804],[101.21449307192354,5.661599800621531],[101.19610267504875,5.649755668731127],[101.17203348280314,5.647907030820921],[101.16441245945936,5.631403302440368],[101.1356282552645,5.613037873041001],[101.12312924246928,5.661756844689427],[101.0966544431157,5.692143497294937],[101.09551526708373,5.702997384098263],[101.08017000769766,5.7108330076557],[101.08308365747432,5.720357987689109],[101.0623918634922,5.726615971951653],[101.0602598639613,5.7441430800944],[101.03403010741681,5.738109909200823],[101.017400900849,5.767384796367422],[100.98853377537894,5.784869031742892],[100.9833370548408,5.808331423134714],[101.01183906379312,5.8378285420153],[101.00893597417483,5.873829908484802],[101.02876137775715,5.900622623130913],[101.02735486896795,5.914509426186548],[101.03782941826098,5.917838205609796],[101.05207618475153,5.910377410359091],[101.06328396513894,5.919876628739884],[101.0848965657096,5.909423497881118],[101.09952048420521,5.942984188153864],[101.09499816542335,5.950478394511977],[101.11139937594322,5.957489433906337],[101.12388227108595,5.977130114374152],[101.10687095740765,5.99078950978216],[101.11382113031661,6.039031939173494],[101.10019438577798,6.051007328150271],[101.12659516785634,6.1055861586506825],[101.11820891939976,6.114821680222182],[101.10561285488377,6.113671069191445],[101.10496738167959,6.123847949897236],[101.08916058721725,6.134284219400337],[101.05843898707002,6.142348172150262],[101.08565185098335,6.178939090245589],[101.10761350543241,6.179538437058891],[101.12642797760137,6.192809729931419],[101.11504879641153,6.203800706224624],[101.1186249409896,6.212588806709816],[101.10490686326895,6.2386508973303245],[101.11195486679178,6.251283003970202],[101.0952933266956,6.260318291684394],[101.06366406658087,6.259464933128691],[101.03186055382433,6.244767269054657],[101.01478070518426,6.24713437541413],[100.98381961331829,6.278059174667554],[100.96737926979708,6.2830536806250485],[100.96516622937264,6.2723850389805],[100.94659694313829,6.263140223919028],[100.94379143806441,6.243250396840198],[100.91747339855658,6.247881714793806],[100.90211390353122,6.233583075580403],[100.87169671167878,6.264582444753544],[100.86925399605087,6.2398680687913615],[100.85257597276261,6.232166398818267],[100.83475780950775,6.2884864970346115],[100.84897965438213,6.314779304452897],[100.82130055535738,6.3571241141664405],[100.82407889756918,6.405156609950332],[100.8118042123958,6.442556929214079],[100.79105819415835,6.4488356922915955],[100.7761740526454,6.46335380177976],[100.76749818971186,6.455534387592178],[100.75244736190245,6.458685548263501],[100.743325722627,6.470727082438563],[100.73853302587302,6.510209417467592],[100.70945701464615,6.470806031296759],[100.6980957976493,6.47111122888972],[100.68626488333757,6.465329707229393],[100.68428842879452,6.453854084427781],[100.65230853228596,6.442930257613881],[100.64263852227289,6.449558571349549],[100.64624211304901,6.458662434623685],[100.6176240139187,6.460063100135028],[100.60819698427721,6.47233119401565],[100.57266350985239,6.483202878406235],[100.5624795968715,6.496460750933624],[100.54826423170256,6.485265676605429],[100.54257461992236,6.491606917785046],[100.5184511192452,6.489439346165194],[100.49364876475886,6.5090667150434145],[100.4952659447129,6.522757310156133],[100.48875291204642,6.526206206785574],[100.47053251948901,6.52054741185788],[100.45668976327666,6.531907720040784],[100.4232388375826,6.517526107570005],[100.4021020157937,6.536338570671073],[100.38828541477126,6.534924378646827],[100.37318947126293,6.545028259204478],[100.3666833987181,6.539664066789277],[100.35153863810312,6.5728022088074765],[100.32524604448805,6.585827927032654],[100.31569397513377,6.604079572145465],[100.30509586283027,6.605274060100116],[100.32600086438259,6.621431129127458],[100.31614037839991,6.636764371486946],[100.32751063181101,6.663896176413147],[100.30874938851878,6.666777894301802],[100.30287863351683,6.679356521431649],[100.29474170428436,6.679777727740324],[100.29329609729677,6.707632567299593],[100.26520340673707,6.698892660350173],[100.25704984178472,6.711389713830554],[100.24347644424354,6.693272799139555],[100.22825687929037,6.693261836117073],[100.2044208061226,6.726748105606447],[100.18570885826973,6.717481628677659],[100.17117402491351,6.693492149909129],[100.18025225443438,6.681112683126113],[100.18114679988213,6.65608606786271],[100.16757352924374,6.648033108328316],[100.1658118474919,6.631659694046919],[100.16967379012301,6.608694927534779],[100.1802840334076,6.60142086558105],[100.18315052313625,6.573715315490009],[100.17511971039227,6.567334273111673],[100.15643526832365,6.579958477277599],[100.15847075071358,6.479874027542271],[100.1455136754349,6.468908771389393],[100.14769727971836,6.452312889388477],[100.13546609091368,6.444832772134979],[100.1339143583999,6.429595109468804],[100.12077593154554,6.4227156880775125],[100.10181702988388,6.495312530922268],[100.08427039633418,6.4963715676913125],[100.09952631263772,6.523962538148185],[100.08837084676263,6.551247385167946],[100.07765792166383,6.557124094268687],[100.06027457092767,6.516555141293787],[100.00732808852487,6.56098292825731],[99.98965781766647,6.594501690284021],[99.9975960685377,6.605168962265228],[99.99210365375194,6.608925497300708],[99.95108729488477,6.584061318589765],[99.95002620644853,6.617677273722231],[99.96198965833251,6.616639637077311],[99.97344389160804,6.630544867369682],[99.95622548319065,6.662464275807305],[99.94708715917778,6.664465177269701],[99.93574801598267,6.657009519886831],[99.91997511322664,6.676223331744404],[99.92286505225717,6.691222056783224],[99.91540557560761,6.7072044373712085],[99.90727092263988,6.7056739209718685],[99.91382187262454,6.711040743070302],[99.91521069014863,6.723744022513148],[99.87661951454697,6.721077299679415],[99.87057819547084,6.743349787378186],[99.84193506050491,6.779108495783619],[99.80720268194194,6.773718820680701],[99.79739480832819,6.812925447707518],[99.77457753903292,6.841816908665891],[99.75430217655193,6.832636383805447],[99.72225061395494,6.854837962009159],[99.72147009174417,6.862468781065109],[99.69696219017241,6.856042393875318],[99.69683370989716,6.870092088294624],[99.68488426242048,6.896230937216309],[99.68070854327135,6.899289370509597],[99.67807508730183,6.899452054862279],[99.68562769866791,6.910749408111662],[99.68109488945288,6.94396442060764],[99.69276348712548,6.955541495185911],[99.70426114211676,6.948846051972435],[99.7077020956344,6.955016389728052],[99.70147163107316,6.9695543999573095],[99.68309069710692,6.960221890887879],[99.68803645804321,6.9727296782105554],[99.67643231153224,6.981133016970254],[99.67025748111668,7.001703023969012],[99.68394142668768,7.012770936640521],[99.67004483114253,7.0423276501192555],[99.69697439881192,7.076783709083894],[99.70251866632584,7.066331029134839],[99.71559252300464,7.088537349788745],[99.71243060485631,7.100972681897036],[99.73492842211994,7.1098734326253155],[99.74102696830592,7.134730933376885],[99.69862306816727,7.130889884601322],[99.66791920300149,7.113839554720929],[99.65974990750043,7.164544943480811],[99.64521657124942,7.166706895096276],[99.60279028158219,7.13719131552649],[99.59906437322186,7.156414652715984],[99.58533892332345,7.14713260813437],[99.57720935579106,7.157708721030815],[99.5581633018948,7.208770733578153],[99.52248484793928,7.249352006348836],[99.53611305824482,7.295718648273663],[99.50824123694167,7.308048910865313],[99.48655643546212,7.3083814161148535],[99.48486134756982,7.293490202326025],[99.46964304565438,7.28411253609843],[99.41979264412724,7.298240831485184],[99.41143189722897,7.315613877171421],[99.40357756929406,7.317237510705313],[99.40254550064654,7.306523918644148],[99.39484716594745,7.30747259146411],[99.36055132430825,7.351852420075499],[99.36332253677284,7.358762969818677],[99.33802195974937,7.379297462549381],[99.3491837645203,7.402160158631395],[99.34622464338305,7.411227926762155],[99.33689456450865,7.410852574148767],[99.34517725436598,7.414408453609502],[99.34682182076565,7.443085603591893],[99.32677844484611,7.495144247725633],[99.30870247091912,7.513162736940062],[99.29609431267029,7.497217660025852],[99.2849983197288,7.515647891800173],[99.28924646896512,7.520240073413052],[99.29717076580135,7.513884568862276],[99.29593749277436,7.522386926037613],[99.30320000790458,7.517499702333101],[99.31378691663048,7.537338362540844],[99.29465373724472,7.560948526727035],[99.29819574514438,7.566249791459744],[99.28177554471755,7.593831362020092],[99.27980127474122,7.624908930989655],[99.27335116783061,7.6279714590142325],[99.26142250603992,7.616594275324486],[99.23292588003694,7.630732932175028],[99.2537918690878,7.630364106348349],[99.25786269513279,7.659699837010565],[99.23606550628466,7.677911425925799],[99.22733816999462,7.671709074099802],[99.21317616012435,7.679272304061946],[99.19630117109389,7.6711904190174485],[99.2062234514659,7.687287442301006],[99.20319138511178,7.696623528564825],[99.19534283704722,7.692209667561404],[99.1785959274959,7.703443466290808],[99.16949307279255,7.728642654772688],[99.15297169039334,7.742348137841508],[99.14557780037008,7.740824855868627],[99.13021278927637,7.760040222648769],[99.11578670013807,7.760163651997075],[99.10010411553642,7.694004303904849],[99.08446964068604,7.690467392917978],[99.0410499200724,7.703367667675476],[99.02008054189041,7.763954773012373],[99.03143990319832,7.797108842970293],[99.017239919238,7.823226821838128],[99.04354111068155,7.834118391495125],[99.04785481180242,7.852821950504057],[99.06018616436205,7.851789835955262],[99.065405993,7.855335520790437],[99.06967711919631,7.874050585600545],[99.05846787633989,7.877896185424368],[99.06377868897098,7.9051557666201555],[99.02672014476286,7.889706951152309],[99.01254272171538,7.928081612316105],[98.99218153851061,7.941202840788746],[98.97250401638141,7.932522626258313],[98.94212536967676,7.987680246453871],[98.95781323206546,7.9999692641972],[98.9128054395633,8.045216188230516],[98.88006489147526,8.019371467146735],[98.85919691462752,8.027680325293009],[98.84986558045007,8.011165346173721],[98.8416928861186,8.010860216134736],[98.84344108585664,8.001719428895242],[98.81517432938294,8.039317839315933],[98.79721503866054,8.048508789249265],[98.77211886327005,8.040557813491198],[98.7736841807256,8.023875135373547],[98.76441191871363,8.023458051569362],[98.76418342387608,8.039160166369356],[98.73957097580697,8.07663922363761],[98.7482296230809,8.121426927491191],[98.7580384846308,8.130030953961104],[98.7505171780673,8.14124561840871],[98.73527531853482,8.136025157344111],[98.75147258657117,8.182456443563595],[98.7479780231381,8.20547032401293],[98.7279838630401,8.24713859221862],[98.7163281351579,8.220509990993893],[98.70782128627445,8.224476697021966],[98.7198085191228,8.258732649026],[98.70606263148923,8.288013395519727],[98.71045451314835,8.316762511423482],[98.66774431028233,8.29235178198938],[98.6500735680702,8.273024528027486],[98.63625234999165,8.285762050832814],[98.63498271559256,8.276027925522593],[98.62426943847733,8.29836522569859],[98.63002859616725,8.29856249200089],[98.62565681616829,8.31300311550962],[98.63672577799849,8.32867906862661],[98.63306182797366,8.344791941222839],[98.639852620214,8.355217279517921],[98.63407869873782,8.379292507073274],[98.62160919585565,8.382008607074562],[98.60922401927668,8.381996538860818],[98.6070677716402,8.365412524419208],[98.60336748483196,8.37041337958409],[98.58328779067138,8.358432058523698],[98.57536264969657,8.362611971189759],[98.5493069389852,8.340167876267094],[98.5386868874131,8.342730071170681],[98.51703114109283,8.32573281565615],[98.50716175267748,8.34290449045419],[98.49560866576043,8.341536817826412],[98.49814255508456,8.321086290021062],[98.47354040238903,8.316669499862186],[98.4654412111238,8.298639031256764],[98.46636643122599,8.281972271301164],[98.45915376871433,8.285152255028148],[98.45371330337653,8.278264115812958],[98.46167771154411,8.251702590054386],[98.45481582627221,8.241520310150184],[98.4647603271074,8.239330429363902],[98.46829171460287,8.219393762137594],[98.4622309922647,8.214008418364125],[98.46909386767372,8.203175030359013],[98.4455832815844,8.19427897917273],[98.43583111462948,8.163500217453167],[98.44334208294875,8.150745654474765],[98.42798984945775,8.1352199939417],[98.42082504274215,8.158231930963948],[98.41240400976348,8.162524818193756],[98.4065182093971,8.162490517077897],[98.40406369112448,8.136682139710313],[98.38694532842025,8.12661755382588],[98.37370176686967,8.13923202891168],[98.3600971126973,8.188223330897571],[98.33518551985173,8.180169069580536],[98.31771599846569,8.199690622004303],[98.2821325085421,8.204936171986093],[98.26914263970703,8.307856965612633],[98.20504322337496,8.553365930691793],[98.21618604287303,8.586857177891865],[98.22335796569192,8.579306179276976],[98.23825548835829,8.586439447848953],[98.23795132903514,8.615132746428705],[98.22980689276218,8.621051201092651],[98.24664799416313,8.63973068895431],[98.23648908535795,8.714282743886278],[98.22065325620697,8.73875263860643],[98.23853166935972,8.735736581599497],[98.26148833557377,8.762429453507806],[98.26175501077108,8.789972833453765],[98.25284593468243,8.809858312189883],[98.26466401498855,8.819739285749186],[98.26371270624901,8.858980443098819],[98.2795753307224,8.873164513716436],[98.2994703977597,8.938595684493805],[98.30962596805512,8.944036763539742],[98.32883514769021,8.978187603859569],[98.34169678729589,8.973753830959446],[98.35877492623268,8.983415342999285],[98.3615730950483,9.00249996170109],[98.39913275468142,9.032955092313298],[98.38736176202327,9.033434903554804],[98.3479561958496,9.0024419639101],[98.31915287722171,9.031029615020076],[98.32881462152329,9.054711976877455],[98.34545903735786,9.06806241576576],[98.36626963034868,9.069778053084866],[98.3802293906861,9.05721767678112],[98.38643926690717,9.062528141255735],[98.36416638332892,9.093427816901531],[98.37393617975209,9.100091721984516],[98.35199974948243,9.095008407588805],[98.34049988803227,9.153154896087127],[98.3197167452081,9.180481996604923],[98.3167852056048,9.199746172694484],[98.32899725639527,9.22304730898266],[98.36902080186235,9.207097639095553],[98.3668507152819,9.227519182611585],[98.34755289359589,9.235104300251976],[98.34607347927651,9.243064589394114],[98.3643029423089,9.262448654624817],[98.3686974034432,9.276476695689961],[98.36047029848736,9.282796270910627],[98.37681342636002,9.290368677979018],[98.38225920371738,9.32366460620169],[98.39107801940892,9.333405560634331],[98.39654484567315,9.400529988719681],[98.40735102324388,9.398221731673596],[98.41662660460653,9.407182490157235],[98.4288935005447,9.438663321133696],[98.43372928792418,9.49544822182335],[98.45578122711524,9.563342540436693],[98.47011171048159,9.56478170269652],[98.46048219551069,9.556983891901922],[98.46851441692881,9.54331304016583],[98.47904853139929,9.546830687952111],[98.48125136625887,9.556775707118186],[98.48542629200105,9.547743028584652],[98.49811481624477,9.547870033087166],[98.53343029571352,9.568632903377189],[98.53523215679078,9.578055065753203],[98.50819770191556,9.595500026554804],[98.49182528587758,9.59171324901503],[98.47158976037026,9.598810619600318],[98.46762761960038,9.596967034260507],[98.46324885056868,9.628451676332377],[98.47022836384954,9.624647362009915],[98.47934139716578,9.634652177509864],[98.49731945528993,9.617954671356827],[98.51097487996584,9.654044780647649],[98.50302955894756,9.658275885012925],[98.49823114957479,9.652277653322846],[98.48463084269775,9.686169002863043],[98.50739065516603,9.672522779329492],[98.52572862696067,9.679556998918986],[98.55788346445702,9.728962410972136],[98.55183279149111,9.749688032006652],[98.53940121131515,9.743381481839743],[98.52334502598332,9.75069507117457],[98.50795610813286,9.736423106947115],[98.5003535276707,9.739211289389834],[98.51263149229271,9.75372047091416],[98.50653608363288,9.782701353115842],[98.53387933342593,9.790422397566108],[98.53810033615517,9.804081813421949],[98.51579492498011,9.853278358898597],[98.53644101410822,9.85885274807643],[98.52736060329258,9.865043441604714],[98.53543539551542,9.882454051366137],[98.56098841688686,9.884868888743492],[98.57866766088532,9.90792688097059],[98.57187124198549,9.911695226413197],[98.55864870134789,9.895806825375995],[98.56102807034547,9.919943977907225],[98.58759946306512,9.930861950449716],[98.56704079962765,9.956372112466608],[98.57663683129374,9.982217525374036],[98.619478529184,10.056161652098726],[98.6533742337616,10.164922317081654],[98.67187773471592,10.174044533652916],[98.69863118445231,10.210390344277874],[98.74314680549755,10.325182585215998],[98.75524717341257,10.39258510048623],[98.78062868777316,10.440696537469828],[98.80003708995602,10.447534368141445],[98.79641976243042,10.455300663331208],[98.80914291965975,10.470016235082214],[98.79962550206741,10.482547915941161],[98.81492395321186,10.493983069458931],[98.82162046526486,10.529173613849181],[98.80929000920278,10.539582705446453],[98.8175160378115,10.546631346631587],[98.81248843562798,10.554438691396282],[98.79853354616596,10.559011256162313],[98.81069646991868,10.59224139794914],[98.80160602068965,10.586349152474785],[98.80014316133891,10.60436711786096],[98.78103090921104,10.601361207385922],[98.78058148471852,10.615868375738636],[98.77096709955737,10.620595483974007],[98.78411582833833,10.65147215510903],[98.77986183698154,10.678890976372626],[98.79109959870486,10.684092529280528],[98.80094474638729,10.706549343912647],[98.81842043112698,10.71918283034596],[98.85834906192336,10.77617936017041],[98.87624244441606,10.788427600524187],[98.88538062140594,10.784155464394638],[98.90521240273351,10.791768972568631],[98.92317827877578,10.827107754409209],[98.93611263720786,10.813028328236307],[98.95804200488915,10.811931337671624],[98.97237997441167,10.83177667429685],[98.98324368629686,10.832225686235539],[99.01108455532565,10.856514441459911],[99.01199988817898,10.871665467500284],[99.00006092095963,10.880771401162658],[99.00393936867431,10.904713176197335],[98.99732407298913,10.91027745066574],[99.02377808003894,10.97057410547709],[99.04965325950981,10.962262247256666],[99.056285313473,10.947309406068712],[99.07950609648103,10.955114490339529],[99.09371207059102,10.97283123189915],[99.104527145187,11.013932045974387],[99.17105728375574,11.04355687682318],[99.17197289275121,11.055999336319308],[99.1800903468991,11.059930895733645],[99.17938968909544,11.082867027694387],[99.22761309352667,11.112075743343372],[99.22482265076887,11.142246082784252],[99.25298470216369,11.169280726279668],[99.26386513407473,11.214614641420862],[99.32549324441025,11.285143006852438],[99.311795832645,11.317169236555774],[99.32699883439727,11.336698576696039],[99.34251130286047,11.332949754881835],[99.3445692594829,11.349269668420924],[99.36535196387716,11.371850451995988],[99.40164418117206,11.389145468375384],[99.40280960015389,11.423806962736428],[99.39386265386179,11.441041790609779],[99.40023574332776,11.443921299634068],[99.39241185517193,11.459466228174323],[99.4100209724813,11.46457903479373],[99.41996383000485,11.480865752739048],[99.44286654012521,11.479644882488344],[99.4441747840109,11.491043833608195],[99.45843868867895,11.491270088373684],[99.4484698765396,11.508528124775124],[99.47382513956582,11.533123491540154],[99.46270691188725,11.5491143901293],[99.46771438609942,11.566799881799447],[99.45789519901336,11.582751224856846],[99.46760832930694,11.614716605448164],[99.50744339488286,11.636402513865386],[99.51743153789616,11.636468495861118],[99.53123762861725,11.621142046744863],[99.56568826956418,11.626721401914965],[99.56955311058177,11.642593565460299],[99.58632190528542,11.659861769748332],[99.58775173066941,11.687887787962907],[99.60246773088882,11.707426573144343],[99.61567230685691,11.710874046897844],[99.61812878465533,11.723529264840764],[99.63642742069379,11.727414850410018],[99.64150232312345,11.790623418212613],[99.66491743710223,11.823201640836148],[99.62164627811838,11.832837744050392],[99.62545017873713,11.849273275595207],[99.60986289605927,11.868463562902942],[99.59978935299172,11.878937491632522],[99.58799769029824,11.872278856875944],[99.57946451739744,11.943774780745454],[99.59308084301372,11.954846779896666],[99.5921814455372,11.992535467194896],[99.57439425977535,12.007725692513901],[99.53596939619392,12.016724169430328],[99.54072349487834,12.034291426117223],[99.53339991727108,12.065538801478906],[99.55577594947735,12.09405933021364],[99.5551691729345,12.113434644155863],[99.57077065164871,12.14462475149703],[99.51616144084164,12.14757892702465],[99.50058383675812,12.14349305043387],[99.49234882437189,12.128278730991847],[99.47334833314166,12.131510375159941],[99.47288726875594,12.157605490687333],[99.48810249990194,12.16840589918131],[99.49634547500716,12.196995729481413],[99.47117505981696,12.234627054272668],[99.48434114317863,12.273163158877917],[99.46150507248983,12.28630696260624],[99.46239008417753,12.296769346886743],[99.44462677458009,12.317405469502766],[99.44546268262701,12.332208735195803],[99.43398270185897,12.342334873297949],[99.44371129870405,12.35168317679607],[99.43247412982332,12.364260727400511],[99.44593254537072,12.407066569895552],[99.4271677564594,12.423605715922992],[99.42500661936104,12.448426751976012],[99.4007377045242,12.459750489817264],[99.40610243743473,12.48082126573841],[99.42528231528098,12.49155836742457],[99.4176470764073,12.524936551018465],[99.42265305971378,12.555733206078264],[99.4352811498349,12.565106827562461],[99.42809825654673,12.578848805083267],[99.4385830263725,12.582979351146484],[99.41225911447624,12.615417601110343],[99.37919429987285,12.616001550554545],[99.36560629141336,12.625141816463987],[99.36584394014471,12.634408845507801],[99.34426557617871,12.641465541114979],[99.33801358415607,12.662122367960109],[99.29404828691519,12.677634371944604],[99.30032579990166,12.689866984721496],[99.289406659444,12.69912995965912],[99.2898383563049,12.71489153332893],[99.27889702868701,12.716039744782835],[99.2700269775358,12.728550174980684],[99.24772968675785,12.719174629874505],[99.2403399392545,12.723262403580325],[99.22756168645944,12.743960422241752],[99.2344379992826,12.779276931646832],[99.22218365386021,12.821946725578762],[99.18626594914575,12.849752408165942],[99.18257971788918,12.911267914803581],[99.16231021462217,12.928041190606331],[99.19524264407812,12.956538765868434],[99.18718970464313,12.977012083569331],[99.19500762767521,12.99056919478336],[99.18045076953672,12.993200362080442],[99.1709073683406,13.015088461250764],[99.14576561033884,13.033351892125708],[99.12552188030207,13.038358246396136],[99.09952668458708,13.072752298003723],[99.11750829079892,13.095519788900598],[99.13126349228263,13.097845875384726],[99.12791621395641,13.115013974391283],[99.1369334396106,13.13294133535231],[99.13020081038069,13.142479047162837],[99.13729098520687,13.15098462073319],[99.1339357180886,13.164524224339655],[99.11678896055307,13.174497447886818],[99.12333029819027,13.194615461384853],[99.15676716636581,13.208366086832758],[99.18229803190374,13.192654315128085],[99.19987974524275,13.193897270753132],[99.21002879699905,13.208816012784297],[99.19646140266262,13.255076207361105],[99.21136241620282,13.261343030138056],[99.18710033615729,13.290548992298527],[99.19429035897741,13.304518729521904],[99.19184646137708,13.322538948466654],[99.20691280504175,13.339128000052591],[99.201687090575,13.371909150227273],[99.21027931714148,13.411704328137663],[99.19726167904919,13.450486414124036],[99.20719739102299,13.458199514871463],[99.20373262734162,13.479460724652904],[99.18711355485858,13.496596319049768],[99.19158153494462,13.544756305878677],[99.16283622226344,13.574157462778148],[99.17825193236997,13.584924232170119],[99.16526007265361,13.613088608253966],[99.17176837969475,13.629832786508132],[99.16390136817925,13.68154333322658],[99.17123735290569,13.687909267250427],[99.16847625578119,13.722752577254827],[99.15450445689353,13.735390686934158],[99.1538365833682,13.755638945093912],[99.12149788853023,13.773137439299843],[99.1214133054628,13.812612621472173],[99.1141750021638,13.830698121567988],[99.09953290304495,13.837658402059452],[99.10064183929069,13.854521074582985],[99.11071065481629,13.86571635915895],[99.10844929024123,13.891653356427442],[99.08082585131311,13.89149824536342],[99.06582658685419,13.90747970819816],[99.05946457838377,13.929407516958403],[99.01893769613541,13.947159337242493],[98.9978685032325,14.018469072083052],[98.97123090380855,14.034385817972423],[98.96777639683756,14.081802720995878],[98.95901435576175,14.096837078720332],[98.94545006979477,14.092211689193741],[98.92054411253326,14.109731458992421],[98.89964380838276,14.10817523010692],[98.87482371941906,14.126947057894146],[98.86718506195885,14.147572092483989],[98.82966560571168,14.175058440861061],[98.81350464646445,14.17535511001808],[98.7988131190088,14.19281522502],[98.77801331824614,14.198803760939471],[98.73287689865514,14.239594235172772],[98.70548100637427,14.252960317988338],[98.69762917897593,14.274910636547789],[98.68130676500013,14.273406150654957],[98.63072979002061,14.315824359865331],[98.61380834518977,14.312623108718812],[98.59721009010624,14.327092605364477],[98.59376093611789,14.376447700568658],[98.57680332283195,14.368346210796528],[98.57334454501448,14.380600200266455],[98.56242637387375,14.385603943569725],[98.55750240278134,14.419695438845915],[98.5478363442157,14.422237286041405],[98.54531959234608,14.441245251642812],[98.53322550352551,14.442949308713583],[98.5116196134902,14.476974272461208],[98.49179106637852,14.540451745254794],[98.4616159387216,14.530681910020066],[98.45935735177538,14.577505234025768],[98.43719989402578,14.613065786839568],[98.36626700611491,14.666532376629824],[98.36191757948065,14.688633924590365],[98.33764290194026,14.710298736661983],[98.33008134172864,14.704906068383428],[98.32350739382163,14.709819758254367],[98.30522281889641,14.732102495505345],[98.29331524516547,14.769212920770537],[98.28334619641116,14.772104947937901],[98.27657058947163,14.7970065936064],[98.25401699766371,14.813810478131895],[98.2458385967903,14.831514453134377],[98.25856064642647,14.84370378994007],[98.25835319135676,14.859738841123638],[98.22972576445311,14.88976040469401],[98.25010225250924,14.915578036550775],[98.2432600326725,14.938889399278832],[98.22863837641336,14.947471928015476],[98.23230733911558,14.967297773493339],[98.20869529882653,14.98088565381605],[98.21130127806771,15.015863228394306],[98.22425785747207,15.02674965139793],[98.23052008598688,15.04608698041075],[98.21086873920422,15.0753568495053],[98.18432491802795,15.096377038555367],[98.18108267283716,15.110484355570048],[98.19278175179396,15.135462283457494],[98.190239060644,15.150103724663927],[98.21314256940792,15.179589223164282],[98.20974573795355,15.199957099233831],[98.19908553789269,15.210233339246766],[98.19782838910774,15.23364601244718],[98.2091661391922,15.238804921280925],[98.23484291706647,15.220177057251261],[98.25835313859751,15.224609195289286],[98.28043810551827,15.270448779890396],[98.30318463380247,15.280143974738767],[98.29416817765146,15.29711283549236],[98.30039123054199,15.303392746375833],[98.29670337577707,15.313389355722913],[98.34433956959398,15.292542466101956],[98.38530422773667,15.301334700558275],[98.40020128620151,15.310776189205038],[98.39123374371088,15.3308924142486],[98.39448451294264,15.344679034248795],[98.4147034228931,15.354934584892328],[98.41636847530899,15.364148270627267],[98.44244518971858,15.36492169232538],[98.45162410779984,15.37585224742792],[98.44921536202534,15.384335152843214],[98.46252396768844,15.385433502287576],[98.46915231236218,15.372305398770013],[98.48037066439491,15.376780968452602],[98.47758092786735,15.393171573637591],[98.49969419435826,15.404632232422363],[98.52142120694158,15.391990469271597],[98.54745032452418,15.359162255183742],[98.54947263485941,15.338163578413146],[98.55911963063748,15.336370185377334],[98.58041393328016,15.377554064735204],[98.58522625149249,15.471422065937219],[98.55275628921757,15.602380796790227],[98.56276579989071,15.639581266030229],[98.54669972179005,15.682121432112574],[98.57687899186423,15.799993855099668],[98.61056764289046,15.876277848755771],[98.59555435224,15.875088239536675],[98.58398662783262,15.918049047704177],[98.59401341726762,15.959424244198411],[98.60641251540098,15.965726019974301],[98.60641014803019,15.98591368920233],[98.59711795119574,16.00799761509253],[98.56146745794908,16.031762904955993],[98.5623063480594,16.044022998307888],[98.58912684973285,16.076019656507093],[98.60886661830513,16.060895037523146],[98.60871333757974,16.042140814768114],[98.63029044753992,16.0497241370091],[98.62651919802458,16.06253813102773],[98.63973001274886,16.06174752386461],[98.66288532829066,16.07534727709877],[98.65923584127516,16.082947713987757],[98.67446692838709,16.095648475385747],[98.66636386041942,16.110716846497304],[98.67734730829152,16.11215689568647],[98.67786724054947,16.127274413562326],[98.6867421328895,16.132976651779302],[98.70866304599748,16.1351521270325],[98.71708008196721,16.12400527388874],[98.7435924596083,16.11857232567014],[98.76859667882094,16.120480111789036],[98.77798325829292,16.128920923002635],[98.78876535243212,16.110874243618746],[98.80540013013551,16.10438277929683],[98.82935107155681,16.117136201022333],[98.83154392585057,16.126304525877412],[98.84785320001875,16.127722622398643],[98.8505835787743,16.16078482750864],[98.86139585257116,16.16962992630036],[98.85212663264146,16.219769808523928],[98.87217936941379,16.239109305983188],[98.87828794299733,16.230203108861982],[98.88706690865214,16.24789598709034],[98.90403671558246,16.254625554514053],[98.9108386725581,16.298244508462226],[98.92423393029073,16.30708772165118],[98.9311873173231,16.32512483667312],[98.92637484283307,16.34416250128015],[98.90919402769302,16.346906449509408],[98.9202086133031,16.369585784704025],[98.91861558241246,16.38454175427044],[98.87776836345199,16.42523366566122],[98.82990225426637,16.42194230689598],[98.81317974767776,16.394424371888768],[98.81690083547105,16.38474909691286],[98.78447230602772,16.368222378890103],[98.77719742522393,16.343896401140686],[98.74705146910492,16.34642715691763],[98.72869717066382,16.330853802231164],[98.71890253129607,16.29519440397017],[98.70669182365086,16.293937113070694],[98.70338844157136,16.270756498224944],[98.68136327636252,16.281469898274587],[98.67533292673409,16.271364263376086],[98.6660036855769,16.29226334583694],[98.67189638803823,16.317315194007946],[98.66315293431698,16.319220881044462],[98.66617366298654,16.346730482642766],[98.65280129537227,16.35157013079253],[98.66442976641915,16.364885830174117],[98.65332372571247,16.3700498733809],[98.65767834486498,16.378170378930662],[98.6484374324032,16.39408486131136],[98.6564196190553,16.399292502486347],[98.63592004798427,16.41137491930945],[98.63907030915036,16.431290549024435],[98.65754520766177,16.454264637109006],[98.65151636498985,16.470198162264122],[98.63341153401655,16.477495187175972],[98.59551916409804,16.536882566977823],[98.59716639674573,16.546553310181288],[98.58762706386537,16.544271841991478],[98.58510814399128,16.558399124517482],[98.57641010992681,16.558303603182498],[98.57277267368582,16.56987303877627],[98.58634959580847,16.56639578000788],[98.57918826200236,16.575123336630323],[98.58628568436052,16.587788437672963],[98.58248450914694,16.600359656338217],[98.57052483662076,16.60679538737257],[98.57072506280794,16.63195017771425],[98.5343812749807,16.635286626928096],[98.52188755571424,16.650106923927375],[98.51222931942924,16.643980438988056],[98.5161635060216,16.694595598276035],[98.51095153214216,16.700946673525102],[98.49509933355452,16.690650330871005],[98.50151512897239,16.715187482436328],[98.49112744011737,16.708731703025993],[98.48445450308876,16.716823052606415],[98.47065468325269,16.712495071351672],[98.47784033984273,16.718773857698444],[98.4630960827887,16.72922250266486],[98.46881547295045,16.73867290961786],[98.46198165963013,16.749829791038593],[98.47832409868624,16.746114719562996],[98.47689327912818,16.763705203797862],[98.48976790169692,16.77195293212647],[98.48523977164044,16.789412959681012],[98.5027288556573,16.78561184535552],[98.51040286719501,16.797787969434548],[98.5198132872264,16.789944053713732],[98.52584857579032,16.79867067874488],[98.51591730813315,16.79822866443364],[98.51489113633723,16.804814933270226],[98.54758602576386,16.814071091880905],[98.53703905267638,16.82916185306052],[98.52574288203768,16.827110029312486],[98.51424471628394,16.837533073613134],[98.5024119159241,16.8325305943659],[98.49212599692164,16.84208296157589],[98.49964122310818,16.86331265991101],[98.50626023502019,16.86717840549305],[98.51547021314103,16.857370555264723],[98.50869717704875,16.879738262053486],[98.5399867059028,16.86104160745819],[98.52591238807501,16.884951856500965],[98.53587856344322,16.898112123889735],[98.5127040832253,16.902180823907525],[98.52192415015372,16.917113658493786],[98.50674477545027,16.910757907370964],[98.50087935827301,16.918085900757593],[98.50553765657266,16.92772556239886],[98.49005676689833,16.922320133959392],[98.49104720760336,16.933999187280794],[98.48278251157919,16.936109621738506],[98.49572355300707,16.95010446178821],[98.50791072755979,16.948556533750807],[98.48841225665707,16.957579080145255],[98.48711362019237,16.97128555730709],[98.46864310797567,16.9710489799907],[98.48048069535828,16.9805846163237],[98.4714826456568,16.99590701927958],[98.4584882417641,16.991065157563234],[98.44754231253866,16.99703013168143],[98.45547059018375,17.02121424056366],[98.43017588739487,17.021946792818316],[98.43804478340834,17.035368566326316],[98.41599519911259,17.043002120711577],[98.41118344636698,17.05385650248124],[98.3958761660044,17.04743794221842],[98.39014054887696,17.06040218182008],[98.34446597218344,17.047905726228162],[98.31809861791183,17.068534071421826],[98.3128437038807,17.088487912271894],[98.29956940030199,17.092066029341005],[98.30868698583195,17.101185225309667],[98.31638281066911,17.095179667349857],[98.32245772898666,17.111026163411847],[98.30117828396136,17.107413357977833],[98.29783911038953,17.127291404362342],[98.29281444978886,17.11332202250513],[98.28008152143514,17.115302901896076],[98.28452176102057,17.14352489727873],[98.29669384573637,17.141633285780724],[98.29746471715167,17.14831795818798],[98.28769432935485,17.156100097911104],[98.27173325038349,17.15154487527212],[98.26714323210666,17.1608228541453],[98.2797208125299,17.17280725187493],[98.25936426470531,17.175377433603437],[98.26257847369439,17.187439048188775],[98.24984674441058,17.182060218673712],[98.2464596733447,17.210602114600526],[98.22752488326998,17.204336447772846],[98.24407978850202,17.22659593607839],[98.23870279056905,17.230266884936654],[98.22707102656898,17.220752272023343],[98.21266777357499,17.228456817300028],[98.20405390895657,17.25030703506693],[98.16659284405978,17.262822652073766],[98.16109913988913,17.279925205406183],[98.13471664652745,17.292727692222556],[98.12512042199327,17.320626359248728],[98.11191987413238,17.31962875125682],[98.1046949809744,17.35399684721417],[98.11936299854398,17.37203333258344],[98.10891770612014,17.37678176619491],[98.11013428297058,17.38528858075168],[98.08823761075429,17.39626187417817],[98.07972462641463,17.39023241888211],[98.06002072528732,17.420701148597427],[98.04543537657405,17.42974386627686],[98.0554367178253,17.441963485090337],[98.0363500752962,17.452059112054688],[97.99153036778199,17.510687686342344],[97.9708921684823,17.507822915592467],[97.96227942787385,17.527333423193127],[97.923098587256,17.53926602033437],[97.90560855014192,17.584146374543742],[97.84965728229464,17.62510206548373],[97.79359259207648,17.679568503828115],[97.76285732230654,17.72574097949034],[97.76213183950898,17.746000854283086],[97.77430010032423,17.751826247976947],[97.75831911324155,17.770731947693825],[97.74490173417247,17.770994733090895],[97.74188839925914,17.78648690318558],[97.71785490517503,17.807118320579992],[97.71853233414096,17.818952806317544],[97.69924075312662,17.819377088569986],[97.67394743215796,17.87103974580261],[97.68734625923378,17.925496084059596],[97.70752286274816,17.94635801397284],[97.73341305140166,17.955400870428413],[97.73721204871244,17.97732916886345],[97.70766040175238,18.056485092641058],[97.69718876620904,18.066573336284808],[97.68173824520692,18.064194326161747],[97.6799866670902,18.075125285378032],[97.6903354886522,18.0882797279408],[97.67764766418156,18.115001183644164],[97.67517458769836,18.16224691759871],[97.65149271962696,18.177899598444537],[97.60903365134007,18.238508243143727],[97.61123917547359,18.2506458498289],[97.63910804632341,18.28039710110973],[97.6382484415376,18.289269626636898],[97.61839583093203,18.318561779427775],[97.55882712108371,18.338717828323848],[97.54997660538737,18.332472090277932],[97.53573502131515,18.286145792952116],[97.50177321137149,18.267380538692628],[97.44672769924446,18.331405990902162],[97.44161839084663,18.3588698068106],[97.4518638201174,18.389200499839855],[97.43994904823566,18.404833390251945],[97.4254004191107,18.409303783168447],[97.41637656138109,18.438028322296873],[97.39845044221383,18.458236951791097],[97.38560206902402,18.507016504902232],[97.3534290486573,18.534378541152698],[97.34404298652433,18.555245548694007],[97.34357768005177,18.57670342426599],[97.36158663206402,18.599615477996828],[97.36269427881649,18.560387946161548],[97.40368130464958,18.566596111014203],[97.4271790016569,18.544967174186286],[97.44411622302425,18.49526432342505],[97.46539059292033,18.497164138331847],[97.48224311040848,18.511051896839863],[97.49140304760625,18.50953538177099],[97.50086051160079,18.49397543656179],[97.51824209747922,18.49781791169063],[97.53417814239894,18.491169369447903],[97.54533931460226,18.52961210484267],[97.563606455485,18.521796599007207],[97.57190837521568,18.535130296763032],[97.60317983354932,18.53612231263576],[97.61331189637899,18.545637770483747],[97.62018713620806,18.539474595255808],[97.61436335687594,18.561237079075678],[97.6270169179621,18.565579810276187],[97.63543405555491,18.55889134417212],[97.65061460350319,18.576938615931613],[97.70129058346066,18.569474908477467],[97.7225513329866,18.573704391052846],[97.73180956109461,18.586452760086033],[97.75174530753623,18.57598630502441],[97.76899202195939,18.578530574260736],[97.77392531864925,18.610313868696664],[97.76741773354729,18.668895165104203],[97.77391165189205,18.688813439295487],[97.75169748275749,18.73697705617768],[97.76304791253845,18.75835189246354],[97.75338028264056,18.76735574493122],[97.75265158513369,18.808169472597854],[97.73912339463985,18.827208242946625],[97.74862999609546,18.84426138477235],[97.74126407442996,18.881397645226777],[97.70363035956335,18.897786246761218],[97.68929195227089,18.925410301911636],[97.66741735171752,18.931688062132984],[97.66776743168852,18.94787720003082],[97.69172594141041,18.948605950713294],[97.7073801737984,18.95769048025027],[97.7053018646997,18.967722951916087],[97.72203323567493,18.967501281345765],[97.73723431806211,18.977882961773055],[97.7356301192648,19.0404482661909],[97.7603560074508,19.038655486635754],[97.76905902911001,19.044846048226145],[97.76867705273916,19.07275577976833],[97.791900956682,19.073761361666083],[97.81104394065926,19.090749643522507],[97.83675338874835,19.09465254436144],[97.84056731805289,19.11789420060883],[97.83425368038478,19.135880957502458],[97.8445298620677,19.149250346437427],[97.83794446867037,19.195398427512796],[97.84506900506423,19.215617899747546],[97.80928624340898,19.253229340000022],[97.78296578228186,19.267642087848053],[97.80099820585599,19.288851659235988],[97.81053658997999,19.279672288665733],[97.82427512990624,19.282406260912886],[97.83117092159232,19.290898208536348],[97.84269760538105,19.289629012900456],[97.84213560952905,19.29731609851039],[97.82874580055334,19.30256628183838],[97.82558268789124,19.323286092766487],[97.79833519508286,19.352913643341754],[97.80446083427057,19.385250651857163],[97.7857360941235,19.398305822923856],[97.81389164100541,19.41354148400193],[97.86105460643097,19.48159745885195],[97.888059233959,19.50056045945998],[97.8549851376198,19.531756040202],[97.86159449676973,19.57569151200434],[97.90141295248783,19.57840877488156],[97.94235015609243,19.59782731024058],[97.9596777988695,19.593315592633207],[97.97510365580828,19.602577142384057],[97.97280584815395,19.634474584881648],[97.98464437357313,19.640476711211846],[98.00087950565677,19.63308718912116],[98.03841163941195,19.643632792857584],[98.04453043378504,19.655655521563407],[98.03134414277747,19.674058783282668],[98.03448009481563,19.700551340776897],[98.0249971932375,19.72179158026567],[98.03194505538424,19.72505116818752],[98.03774012009337,19.765202450620045],[98.03467008542185,19.805670008980123],[98.0486677031672,19.81528494617802],[98.05910462146907,19.803851015446842],[98.08277518991135,19.81040617753254],[98.08344814449417,19.792314297923593],[98.10087038450433,19.772086788593555],[98.13543977301312,19.78826907502154],[98.15104250205601,19.77414566216686],[98.16871440874732,19.770630460171798],[98.1842512695252,19.75972803432518],[98.19288225991923,19.738261509685238],[98.2171159302452,19.725220705094035],[98.2294789403525,19.727019605506783],[98.23816374472686,19.70851550596177],[98.2317296693413,19.697191185271862],[98.2482702258062,19.676676334120394],[98.2965140698821,19.68247042114072],[98.32321905010176,19.69873702702228],[98.36980607695209,19.689543777211252],[98.39309525391971,19.704352198152456],[98.41441399119677,19.692898685637022],[98.46055396708802,19.69772955269353],[98.46634524724114,19.692103964955376],[98.50941520900848,19.717717297289777],[98.56638420800451,19.672184230011474],[98.57157516522953,19.703937120934928],[98.58996230878638,19.715683987737034],[98.60789156025614,19.709220576634852],[98.616405529021,19.717416193236573],[98.62330653261597,19.713916054952236],[98.62577241864442,19.72837479437437],[98.65383789266464,19.740123179448457],[98.66042824936792,19.734349571214477],[98.66585113323917,19.749423062789088],[98.70424413129292,19.75817669943324],[98.71137362471895,19.7688318410365],[98.73832087835156,19.754337590553227],[98.7515827743299,19.76034596063736],[98.77937216957994,19.75305873607753],[98.79597999714589,19.77587482790849],[98.82832896740169,19.794105907336704],[98.83846580041539,19.81403523389593],[98.89866507690924,19.7657637629167],[98.9200161520396,19.7624078921211],[98.9306872661588,19.774116490046204],[98.95602564699969,19.769832516293537],[98.99442663386873,19.793694741513697],[99.00642973303012,19.787886975077367],[99.00778583935957,19.80990678793353],[99.02230049513723,19.816002646703087],[99.02910191408888,19.83288177759742],[99.03597141862116,19.88504059196527],[99.02517944323785,19.888581114197976],[99.02188942989015,19.927279665614837],[99.0427466140955,19.93139251007741],[99.04509907897939,19.9489622704537],[99.03199895917874,19.973842371158987],[99.03762975894143,19.990326978958645],[99.0543396420252,20.00347293506574],[99.04363112381546,20.016303388847152],[99.04378888803924,20.037929531026933],[99.06719162696842,20.06905231166735],[99.0673262255645,20.087964590209438],[99.07703839187022,20.101648720761276],[99.0907843881896,20.097483423161396],[99.09372085636107,20.10717565606269],[99.10049806614823,20.097679928398797],[99.11941297429367,20.101084465325755],[99.12863709367213,20.107332973500057],[99.12610307112757,20.119444846733924],[99.1587194518225,20.133010891577424],[99.21047485830864,20.132502409685856],[99.24642883278712,20.112838376310815],[99.3322374638494,20.111258103596803],[99.35137185891634,20.096391227480694],[99.36518413129966,20.099160541342062],[99.4007354142523,20.086112810664886],[99.4172487328834,20.093620540109832],[99.43848803484165,20.090677698574172],[99.49799548840615,20.11609779826974],[99.49464537736384,20.13335727852531],[99.51137137380454,20.151824215946455],[99.53861858583848,20.147831277164286],[99.54096821004322,20.172176284515626],[99.55114799866489,20.176606641438507],[99.5636611668007,20.20590069757931],[99.53411893043304,20.23173973025048],[99.52265772808278,20.233197865188117],[99.50494070464863,20.294357114972534],[99.50706566405695,20.32565614043702],[99.48838592884556,20.3458101861627],[99.45561747146176,20.362507246554607],[99.4577661613859,20.392679813827808],[99.49729504253645,20.385073884418265],[99.51570179017676,20.363086509183525],[99.55786008610717,20.35796246888235],[99.61234995839611,20.331995630233017],[99.64422658761424,20.34363119308318],[99.68173672000898,20.316426426639747],[99.7178271590104,20.32844295282943],[99.71746140617287,20.34201914503156],[99.73031227470136,20.350186460211383],[99.77690583921768,20.335102180690193],[99.81065542259046,20.336361236715867],[99.83964777652466,20.374356070074764],[99.8399243769223,20.4012092968019],[99.85936173774854,20.421302637456705],[99.86013638413193,20.44249670204825],[99.92123880043434,20.44568043664314],[99.93223134624945,20.456264452350634],[99.96066389459854,20.46205719265701]]]]}}]}